computerName,datetime,CounterCategory,CounterName,Instance,Value,WholeCounter
e2016site1,5/5/2018 9:31,processor(_total),% processor time,_total,15.15,processor(_total)-% processor time
e2016site2,5/5/2018 9:31,processor(_total),% processor time,_total,1.16,processor(_total)-% processor time
e2016site1,5/5/2018 9:31,msexchange rpcclientaccess,rpc averaged latency,,14,msexchange rpcclientaccess-rpc averaged latency
e2016site2,5/5/2018 9:31,msexchange rpcclientaccess,rpc averaged latency,,25,msexchange rpcclientaccess-rpc averaged latency
e2016site1,5/5/2018 9:31,msexchange rpcclientaccess,rpc requests,,0,msexchange rpcclientaccess-rpc requests
e2016site2,5/5/2018 9:31,msexchange rpcclientaccess,rpc requests,,0,msexchange rpcclientaccess-rpc requests
e2016site1,5/5/2018 9:31,memory,available mbytes,,939,memory-available mbytes
e2016site2,5/5/2018 9:31,memory,available mbytes,,869,memory-available mbytes
e2016site1,5/5/2018 9:31,physicaldisk(1),avg. disk sec/transfer,1,0,physicaldisk(1)-avg. disk sec/transfer
e2016site1,5/5/2018 9:31,physicaldisk(2),avg. disk sec/transfer,2,0,physicaldisk(2)-avg. disk sec/transfer
e2016site1,5/5/2018 9:31,physicaldisk(3),avg. disk sec/transfer,3,0,physicaldisk(3)-avg. disk sec/transfer
e2016site1,5/5/2018 9:31,physicaldisk(4),avg. disk sec/transfer,4,0,physicaldisk(4)-avg. disk sec/transfer
e2016site1,5/5/2018 9:31,physicaldisk(0 c:),avg. disk sec/transfer,0 c:,0,physicaldisk(0 c:)-avg. disk sec/transfer
e2016site1,5/5/2018 9:31,physicaldisk(_total),avg. disk sec/transfer,_total,0,physicaldisk(_total)-avg. disk sec/transfer
e2016site2,5/5/2018 9:31,physicaldisk(1),avg. disk sec/transfer,1,0,physicaldisk(1)-avg. disk sec/transfer
e2016site2,5/5/2018 9:31,physicaldisk(2),avg. disk sec/transfer,2,0,physicaldisk(2)-avg. disk sec/transfer
e2016site2,5/5/2018 9:31,physicaldisk(3),avg. disk sec/transfer,3,0,physicaldisk(3)-avg. disk sec/transfer
e2016site2,5/5/2018 9:31,physicaldisk(4),avg. disk sec/transfer,4,0,physicaldisk(4)-avg. disk sec/transfer
e2016site2,5/5/2018 9:31,physicaldisk(0 c:),avg. disk sec/transfer,0 c:,0,physicaldisk(0 c:)-avg. disk sec/transfer
e2016site2,5/5/2018 9:31,physicaldisk(_total),avg. disk sec/transfer,_total,0,physicaldisk(_total)-avg. disk sec/transfer
e2016site1,5/5/2018 9:31,network interface(microsoft hyper-v network adapter),bytes total/sec,microsoft hyper-v network adapter,29016.63,network interface(microsoft hyper-v network adapter)-bytes total/sec
e2016site1,5/5/2018 9:31,network interface(isatap.msftonlinerepro.com),bytes total/sec,isatap.msftonlinerepro.com,0,network interface(isatap.msftonlinerepro.com)-bytes total/sec
e2016site1,5/5/2018 9:31,network interface(isatap.{7b6ad9dd-9da5-459a-b158-9539c74b42be}),bytes total/sec,isatap.{7b6ad9dd-9da5-459a-b158-9539c74b42be},0,network interface(isatap.{7b6ad9dd-9da5-459a-b158-9539c74b42be})-bytes total/sec
e2016site2,5/5/2018 9:31,network interface(microsoft hyper-v network adapter),bytes total/sec,microsoft hyper-v network adapter,104494.7,network interface(microsoft hyper-v network adapter)-bytes total/sec
e2016site2,5/5/2018 9:31,network interface(isatap.msftonlinerepro.com),bytes total/sec,isatap.msftonlinerepro.com,0,network interface(isatap.msftonlinerepro.com)-bytes total/sec
e2016site2,5/5/2018 9:31,network interface(isatap.{48fe05f3-786e-4756-b1b9-0c81877942d6}),bytes total/sec,isatap.{48fe05f3-786e-4756-b1b9-0c81877942d6},0,network interface(isatap.{48fe05f3-786e-4756-b1b9-0c81877942d6})-bytes total/sec
e2016site1,5/5/2018 9:31,processor(_total),% processor time,_total,22.73,processor(_total)-% processor time
e2016site2,5/5/2018 9:31,processor(_total),% processor time,_total,2.7,processor(_total)-% processor time
e2016site1,5/5/2018 9:31,msexchange rpcclientaccess,rpc averaged latency,,14,msexchange rpcclientaccess-rpc averaged latency
e2016site2,5/5/2018 9:31,msexchange rpcclientaccess,rpc averaged latency,,25,msexchange rpcclientaccess-rpc averaged latency
e2016site1,5/5/2018 9:31,msexchange rpcclientaccess,rpc requests,,0,msexchange rpcclientaccess-rpc requests
e2016site2,5/5/2018 9:31,msexchange rpcclientaccess,rpc requests,,0,msexchange rpcclientaccess-rpc requests
e2016site1,5/5/2018 9:31,memory,available mbytes,,870,memory-available mbytes
e2016site2,5/5/2018 9:31,memory,available mbytes,,869,memory-available mbytes
e2016site1,5/5/2018 9:31,physicaldisk(1),avg. disk sec/transfer,1,0,physicaldisk(1)-avg. disk sec/transfer
e2016site1,5/5/2018 9:31,physicaldisk(2),avg. disk sec/transfer,2,0,physicaldisk(2)-avg. disk sec/transfer
e2016site1,5/5/2018 9:31,physicaldisk(3),avg. disk sec/transfer,3,0,physicaldisk(3)-avg. disk sec/transfer
e2016site1,5/5/2018 9:31,physicaldisk(4),avg. disk sec/transfer,4,0,physicaldisk(4)-avg. disk sec/transfer
e2016site1,5/5/2018 9:31,physicaldisk(0 c:),avg. disk sec/transfer,0 c:,0,physicaldisk(0 c:)-avg. disk sec/transfer
e2016site1,5/5/2018 9:31,physicaldisk(_total),avg. disk sec/transfer,_total,0,physicaldisk(_total)-avg. disk sec/transfer
e2016site2,5/5/2018 9:31,physicaldisk(1),avg. disk sec/transfer,1,0,physicaldisk(1)-avg. disk sec/transfer
e2016site2,5/5/2018 9:31,physicaldisk(2),avg. disk sec/transfer,2,0,physicaldisk(2)-avg. disk sec/transfer
e2016site2,5/5/2018 9:31,physicaldisk(3),avg. disk sec/transfer,3,0,physicaldisk(3)-avg. disk sec/transfer
e2016site2,5/5/2018 9:31,physicaldisk(4),avg. disk sec/transfer,4,0,physicaldisk(4)-avg. disk sec/transfer
e2016site2,5/5/2018 9:31,physicaldisk(0 c:),avg. disk sec/transfer,0 c:,0,physicaldisk(0 c:)-avg. disk sec/transfer
e2016site2,5/5/2018 9:31,physicaldisk(_total),avg. disk sec/transfer,_total,0,physicaldisk(_total)-avg. disk sec/transfer
e2016site1,5/5/2018 9:31,network interface(microsoft hyper-v network adapter),bytes total/sec,microsoft hyper-v network adapter,57337.12,network interface(microsoft hyper-v network adapter)-bytes total/sec
e2016site1,5/5/2018 9:31,network interface(isatap.msftonlinerepro.com),bytes total/sec,isatap.msftonlinerepro.com,0,network interface(isatap.msftonlinerepro.com)-bytes total/sec
e2016site1,5/5/2018 9:31,network interface(isatap.{7b6ad9dd-9da5-459a-b158-9539c74b42be}),bytes total/sec,isatap.{7b6ad9dd-9da5-459a-b158-9539c74b42be},0,network interface(isatap.{7b6ad9dd-9da5-459a-b158-9539c74b42be})-bytes total/sec
e2016site2,5/5/2018 9:31,network interface(microsoft hyper-v network adapter),bytes total/sec,microsoft hyper-v network adapter,66322.35,network interface(microsoft hyper-v network adapter)-bytes total/sec
e2016site2,5/5/2018 9:31,network interface(isatap.msftonlinerepro.com),bytes total/sec,isatap.msftonlinerepro.com,0,network interface(isatap.msftonlinerepro.com)-bytes total/sec
e2016site2,5/5/2018 9:31,network interface(isatap.{48fe05f3-786e-4756-b1b9-0c81877942d6}),bytes total/sec,isatap.{48fe05f3-786e-4756-b1b9-0c81877942d6},0,network interface(isatap.{48fe05f3-786e-4756-b1b9-0c81877942d6})-bytes total/sec
e2016site1,5/5/2018 9:31,processor(_total),% processor time,_total,25.78,processor(_total)-% processor time
e2016site2,5/5/2018 9:31,processor(_total),% processor time,_total,0,processor(_total)-% processor time
e2016site1,5/5/2018 9:31,msexchange rpcclientaccess,rpc averaged latency,,14,msexchange rpcclientaccess-rpc averaged latency
e2016site2,5/5/2018 9:31,msexchange rpcclientaccess,rpc averaged latency,,25,msexchange rpcclientaccess-rpc averaged latency
e2016site1,5/5/2018 9:31,msexchange rpcclientaccess,rpc requests,,0,msexchange rpcclientaccess-rpc requests
e2016site2,5/5/2018 9:31,msexchange rpcclientaccess,rpc requests,,0,msexchange rpcclientaccess-rpc requests
e2016site1,5/5/2018 9:31,memory,available mbytes,,866,memory-available mbytes
e2016site2,5/5/2018 9:31,memory,available mbytes,,869,memory-available mbytes
e2016site1,5/5/2018 9:31,physicaldisk(1),avg. disk sec/transfer,1,0,physicaldisk(1)-avg. disk sec/transfer
e2016site1,5/5/2018 9:31,physicaldisk(2),avg. disk sec/transfer,2,0,physicaldisk(2)-avg. disk sec/transfer
e2016site1,5/5/2018 9:31,physicaldisk(3),avg. disk sec/transfer,3,0,physicaldisk(3)-avg. disk sec/transfer
e2016site1,5/5/2018 9:31,physicaldisk(4),avg. disk sec/transfer,4,0,physicaldisk(4)-avg. disk sec/transfer
e2016site1,5/5/2018 9:31,physicaldisk(0 c:),avg. disk sec/transfer,0 c:,0,physicaldisk(0 c:)-avg. disk sec/transfer
e2016site1,5/5/2018 9:31,physicaldisk(_total),avg. disk sec/transfer,_total,0,physicaldisk(_total)-avg. disk sec/transfer
e2016site2,5/5/2018 9:31,physicaldisk(1),avg. disk sec/transfer,1,0,physicaldisk(1)-avg. disk sec/transfer
e2016site2,5/5/2018 9:31,physicaldisk(2),avg. disk sec/transfer,2,0,physicaldisk(2)-avg. disk sec/transfer
e2016site2,5/5/2018 9:31,physicaldisk(3),avg. disk sec/transfer,3,0,physicaldisk(3)-avg. disk sec/transfer
e2016site2,5/5/2018 9:31,physicaldisk(4),avg. disk sec/transfer,4,0,physicaldisk(4)-avg. disk sec/transfer
e2016site2,5/5/2018 9:31,physicaldisk(0 c:),avg. disk sec/transfer,0 c:,0,physicaldisk(0 c:)-avg. disk sec/transfer
e2016site2,5/5/2018 9:31,physicaldisk(_total),avg. disk sec/transfer,_total,0,physicaldisk(_total)-avg. disk sec/transfer
e2016site1,5/5/2018 9:31,network interface(microsoft hyper-v network adapter),bytes total/sec,microsoft hyper-v network adapter,30275.6,network interface(microsoft hyper-v network adapter)-bytes total/sec
e2016site1,5/5/2018 9:31,network interface(isatap.msftonlinerepro.com),bytes total/sec,isatap.msftonlinerepro.com,0,network interface(isatap.msftonlinerepro.com)-bytes total/sec
e2016site1,5/5/2018 9:31,network interface(isatap.{7b6ad9dd-9da5-459a-b158-9539c74b42be}),bytes total/sec,isatap.{7b6ad9dd-9da5-459a-b158-9539c74b42be},0,network interface(isatap.{7b6ad9dd-9da5-459a-b158-9539c74b42be})-bytes total/sec
e2016site2,5/5/2018 9:31,network interface(microsoft hyper-v network adapter),bytes total/sec,microsoft hyper-v network adapter,28363.34,network interface(microsoft hyper-v network adapter)-bytes total/sec
e2016site2,5/5/2018 9:31,network interface(isatap.msftonlinerepro.com),bytes total/sec,isatap.msftonlinerepro.com,0,network interface(isatap.msftonlinerepro.com)-bytes total/sec
e2016site2,5/5/2018 9:31,network interface(isatap.{48fe05f3-786e-4756-b1b9-0c81877942d6}),bytes total/sec,isatap.{48fe05f3-786e-4756-b1b9-0c81877942d6},0,network interface(isatap.{48fe05f3-786e-4756-b1b9-0c81877942d6})-bytes total/sec
e2016site1,5/5/2018 9:31,processor(_total),% processor time,_total,25,processor(_total)-% processor time
e2016site2,5/5/2018 9:31,processor(_total),% processor time,_total,3.13,processor(_total)-% processor time
e2016site1,5/5/2018 9:31,msexchange rpcclientaccess,rpc averaged latency,,14,msexchange rpcclientaccess-rpc averaged latency
e2016site2,5/5/2018 9:31,msexchange rpcclientaccess,rpc averaged latency,,25,msexchange rpcclientaccess-rpc averaged latency
e2016site1,5/5/2018 9:31,msexchange rpcclientaccess,rpc requests,,0,msexchange rpcclientaccess-rpc requests
e2016site2,5/5/2018 9:31,msexchange rpcclientaccess,rpc requests,,0,msexchange rpcclientaccess-rpc requests
e2016site1,5/5/2018 9:31,memory,available mbytes,,867,memory-available mbytes
e2016site2,5/5/2018 9:31,memory,available mbytes,,859,memory-available mbytes
e2016site1,5/5/2018 9:31,physicaldisk(1),avg. disk sec/transfer,1,0,physicaldisk(1)-avg. disk sec/transfer
e2016site1,5/5/2018 9:31,physicaldisk(2),avg. disk sec/transfer,2,0,physicaldisk(2)-avg. disk sec/transfer
e2016site1,5/5/2018 9:31,physicaldisk(3),avg. disk sec/transfer,3,0,physicaldisk(3)-avg. disk sec/transfer
e2016site1,5/5/2018 9:31,physicaldisk(4),avg. disk sec/transfer,4,0,physicaldisk(4)-avg. disk sec/transfer
e2016site1,5/5/2018 9:31,physicaldisk(0 c:),avg. disk sec/transfer,0 c:,0,physicaldisk(0 c:)-avg. disk sec/transfer
e2016site1,5/5/2018 9:31,physicaldisk(_total),avg. disk sec/transfer,_total,0,physicaldisk(_total)-avg. disk sec/transfer
e2016site2,5/5/2018 9:31,physicaldisk(1),avg. disk sec/transfer,1,0,physicaldisk(1)-avg. disk sec/transfer
e2016site2,5/5/2018 9:31,physicaldisk(2),avg. disk sec/transfer,2,0,physicaldisk(2)-avg. disk sec/transfer
e2016site2,5/5/2018 9:31,physicaldisk(3),avg. disk sec/transfer,3,0,physicaldisk(3)-avg. disk sec/transfer
e2016site2,5/5/2018 9:31,physicaldisk(4),avg. disk sec/transfer,4,0,physicaldisk(4)-avg. disk sec/transfer
e2016site2,5/5/2018 9:31,physicaldisk(0 c:),avg. disk sec/transfer,0 c:,0,physicaldisk(0 c:)-avg. disk sec/transfer
e2016site2,5/5/2018 9:31,physicaldisk(_total),avg. disk sec/transfer,_total,0,physicaldisk(_total)-avg. disk sec/transfer
e2016site1,5/5/2018 9:31,network interface(microsoft hyper-v network adapter),bytes total/sec,microsoft hyper-v network adapter,69243.16,network interface(microsoft hyper-v network adapter)-bytes total/sec
e2016site1,5/5/2018 9:31,network interface(isatap.msftonlinerepro.com),bytes total/sec,isatap.msftonlinerepro.com,0,network interface(isatap.msftonlinerepro.com)-bytes total/sec
e2016site1,5/5/2018 9:31,network interface(isatap.{7b6ad9dd-9da5-459a-b158-9539c74b42be}),bytes total/sec,isatap.{7b6ad9dd-9da5-459a-b158-9539c74b42be},0,network interface(isatap.{7b6ad9dd-9da5-459a-b158-9539c74b42be})-bytes total/sec
e2016site2,5/5/2018 9:31,network interface(microsoft hyper-v network adapter),bytes total/sec,microsoft hyper-v network adapter,67946.89,network interface(microsoft hyper-v network adapter)-bytes total/sec
e2016site2,5/5/2018 9:31,network interface(isatap.msftonlinerepro.com),bytes total/sec,isatap.msftonlinerepro.com,0,network interface(isatap.msftonlinerepro.com)-bytes total/sec
e2016site2,5/5/2018 9:31,network interface(isatap.{48fe05f3-786e-4756-b1b9-0c81877942d6}),bytes total/sec,isatap.{48fe05f3-786e-4756-b1b9-0c81877942d6},0,network interface(isatap.{48fe05f3-786e-4756-b1b9-0c81877942d6})-bytes total/sec
e2016site1,5/5/2018 9:31,processor(_total),% processor time,_total,29.23,processor(_total)-% processor time
e2016site2,5/5/2018 9:31,processor(_total),% processor time,_total,5.47,processor(_total)-% processor time
e2016site1,5/5/2018 9:31,msexchange rpcclientaccess,rpc averaged latency,,14,msexchange rpcclientaccess-rpc averaged latency
e2016site2,5/5/2018 9:31,msexchange rpcclientaccess,rpc averaged latency,,25,msexchange rpcclientaccess-rpc averaged latency
e2016site1,5/5/2018 9:31,msexchange rpcclientaccess,rpc requests,,0,msexchange rpcclientaccess-rpc requests
e2016site2,5/5/2018 9:31,msexchange rpcclientaccess,rpc requests,,0,msexchange rpcclientaccess-rpc requests
e2016site1,5/5/2018 9:31,memory,available mbytes,,934,memory-available mbytes
e2016site2,5/5/2018 9:31,memory,available mbytes,,854,memory-available mbytes
e2016site1,5/5/2018 9:31,physicaldisk(1),avg. disk sec/transfer,1,0,physicaldisk(1)-avg. disk sec/transfer
e2016site1,5/5/2018 9:31,physicaldisk(2),avg. disk sec/transfer,2,0,physicaldisk(2)-avg. disk sec/transfer
e2016site1,5/5/2018 9:31,physicaldisk(3),avg. disk sec/transfer,3,0,physicaldisk(3)-avg. disk sec/transfer
e2016site1,5/5/2018 9:31,physicaldisk(4),avg. disk sec/transfer,4,0,physicaldisk(4)-avg. disk sec/transfer
e2016site1,5/5/2018 9:31,physicaldisk(0 c:),avg. disk sec/transfer,0 c:,0,physicaldisk(0 c:)-avg. disk sec/transfer
e2016site1,5/5/2018 9:31,physicaldisk(_total),avg. disk sec/transfer,_total,0,physicaldisk(_total)-avg. disk sec/transfer
e2016site2,5/5/2018 9:31,physicaldisk(1),avg. disk sec/transfer,1,0,physicaldisk(1)-avg. disk sec/transfer
e2016site2,5/5/2018 9:31,physicaldisk(2),avg. disk sec/transfer,2,0,physicaldisk(2)-avg. disk sec/transfer
e2016site2,5/5/2018 9:31,physicaldisk(3),avg. disk sec/transfer,3,0,physicaldisk(3)-avg. disk sec/transfer
e2016site2,5/5/2018 9:31,physicaldisk(4),avg. disk sec/transfer,4,0,physicaldisk(4)-avg. disk sec/transfer
e2016site2,5/5/2018 9:31,physicaldisk(0 c:),avg. disk sec/transfer,0 c:,0,physicaldisk(0 c:)-avg. disk sec/transfer
e2016site2,5/5/2018 9:31,physicaldisk(_total),avg. disk sec/transfer,_total,0,physicaldisk(_total)-avg. disk sec/transfer
e2016site1,5/5/2018 9:31,network interface(microsoft hyper-v network adapter),bytes total/sec,microsoft hyper-v network adapter,43385.65,network interface(microsoft hyper-v network adapter)-bytes total/sec
e2016site1,5/5/2018 9:31,network interface(isatap.msftonlinerepro.com),bytes total/sec,isatap.msftonlinerepro.com,0,network interface(isatap.msftonlinerepro.com)-bytes total/sec
e2016site1,5/5/2018 9:31,network interface(isatap.{7b6ad9dd-9da5-459a-b158-9539c74b42be}),bytes total/sec,isatap.{7b6ad9dd-9da5-459a-b158-9539c74b42be},0,network interface(isatap.{7b6ad9dd-9da5-459a-b158-9539c74b42be})-bytes total/sec
e2016site2,5/5/2018 9:31,network interface(microsoft hyper-v network adapter),bytes total/sec,microsoft hyper-v network adapter,27969.24,network interface(microsoft hyper-v network adapter)-bytes total/sec
e2016site2,5/5/2018 9:31,network interface(isatap.msftonlinerepro.com),bytes total/sec,isatap.msftonlinerepro.com,0,network interface(isatap.msftonlinerepro.com)-bytes total/sec
e2016site2,5/5/2018 9:31,network interface(isatap.{48fe05f3-786e-4756-b1b9-0c81877942d6}),bytes total/sec,isatap.{48fe05f3-786e-4756-b1b9-0c81877942d6},0,network interface(isatap.{48fe05f3-786e-4756-b1b9-0c81877942d6})-bytes total/sec
e2016site1,5/5/2018 9:31,processor(_total),% processor time,_total,0.77,processor(_total)-% processor time
e2016site2,5/5/2018 9:31,processor(_total),% processor time,_total,0,processor(_total)-% processor time
e2016site1,5/5/2018 9:31,msexchange rpcclientaccess,rpc averaged latency,,14,msexchange rpcclientaccess-rpc averaged latency
e2016site2,5/5/2018 9:31,msexchange rpcclientaccess,rpc averaged latency,,25,msexchange rpcclientaccess-rpc averaged latency
e2016site1,5/5/2018 9:31,msexchange rpcclientaccess,rpc requests,,0,msexchange rpcclientaccess-rpc requests
e2016site2,5/5/2018 9:31,msexchange rpcclientaccess,rpc requests,,0,msexchange rpcclientaccess-rpc requests
e2016site1,5/5/2018 9:31,memory,available mbytes,,933,memory-available mbytes
e2016site2,5/5/2018 9:31,memory,available mbytes,,854,memory-available mbytes
e2016site1,5/5/2018 9:31,physicaldisk(1),avg. disk sec/transfer,1,0,physicaldisk(1)-avg. disk sec/transfer
e2016site1,5/5/2018 9:31,physicaldisk(2),avg. disk sec/transfer,2,0,physicaldisk(2)-avg. disk sec/transfer
e2016site1,5/5/2018 9:31,physicaldisk(3),avg. disk sec/transfer,3,0,physicaldisk(3)-avg. disk sec/transfer
e2016site1,5/5/2018 9:31,physicaldisk(4),avg. disk sec/transfer,4,0,physicaldisk(4)-avg. disk sec/transfer
e2016site1,5/5/2018 9:31,physicaldisk(0 c:),avg. disk sec/transfer,0 c:,0,physicaldisk(0 c:)-avg. disk sec/transfer
e2016site1,5/5/2018 9:31,physicaldisk(_total),avg. disk sec/transfer,_total,0,physicaldisk(_total)-avg. disk sec/transfer
e2016site2,5/5/2018 9:31,physicaldisk(1),avg. disk sec/transfer,1,0,physicaldisk(1)-avg. disk sec/transfer
e2016site2,5/5/2018 9:31,physicaldisk(2),avg. disk sec/transfer,2,0,physicaldisk(2)-avg. disk sec/transfer
e2016site2,5/5/2018 9:31,physicaldisk(3),avg. disk sec/transfer,3,0,physicaldisk(3)-avg. disk sec/transfer
e2016site2,5/5/2018 9:31,physicaldisk(4),avg. disk sec/transfer,4,0,physicaldisk(4)-avg. disk sec/transfer
e2016site2,5/5/2018 9:31,physicaldisk(0 c:),avg. disk sec/transfer,0 c:,0.15,physicaldisk(0 c:)-avg. disk sec/transfer
e2016site2,5/5/2018 9:31,physicaldisk(_total),avg. disk sec/transfer,_total,0.15,physicaldisk(_total)-avg. disk sec/transfer
e2016site1,5/5/2018 9:31,network interface(microsoft hyper-v network adapter),bytes total/sec,microsoft hyper-v network adapter,44778.16,network interface(microsoft hyper-v network adapter)-bytes total/sec
e2016site1,5/5/2018 9:31,network interface(isatap.msftonlinerepro.com),bytes total/sec,isatap.msftonlinerepro.com,0,network interface(isatap.msftonlinerepro.com)-bytes total/sec
e2016site1,5/5/2018 9:31,network interface(isatap.{7b6ad9dd-9da5-459a-b158-9539c74b42be}),bytes total/sec,isatap.{7b6ad9dd-9da5-459a-b158-9539c74b42be},0,network interface(isatap.{7b6ad9dd-9da5-459a-b158-9539c74b42be})-bytes total/sec
e2016site2,5/5/2018 9:31,network interface(microsoft hyper-v network adapter),bytes total/sec,microsoft hyper-v network adapter,42985.17,network interface(microsoft hyper-v network adapter)-bytes total/sec
e2016site2,5/5/2018 9:31,network interface(isatap.msftonlinerepro.com),bytes total/sec,isatap.msftonlinerepro.com,0,network interface(isatap.msftonlinerepro.com)-bytes total/sec
e2016site2,5/5/2018 9:31,network interface(isatap.{48fe05f3-786e-4756-b1b9-0c81877942d6}),bytes total/sec,isatap.{48fe05f3-786e-4756-b1b9-0c81877942d6},0,network interface(isatap.{48fe05f3-786e-4756-b1b9-0c81877942d6})-bytes total/sec
e2016site1,5/5/2018 9:31,processor(_total),% processor time,_total,2.31,processor(_total)-% processor time
e2016site2,5/5/2018 9:31,processor(_total),% processor time,_total,3.13,processor(_total)-% processor time
e2016site1,5/5/2018 9:31,msexchange rpcclientaccess,rpc averaged latency,,14,msexchange rpcclientaccess-rpc averaged latency
e2016site2,5/5/2018 9:31,msexchange rpcclientaccess,rpc averaged latency,,25,msexchange rpcclientaccess-rpc averaged latency
e2016site1,5/5/2018 9:31,msexchange rpcclientaccess,rpc requests,,0,msexchange rpcclientaccess-rpc requests
e2016site2,5/5/2018 9:31,msexchange rpcclientaccess,rpc requests,,0,msexchange rpcclientaccess-rpc requests
e2016site1,5/5/2018 9:31,memory,available mbytes,,933,memory-available mbytes
e2016site2,5/5/2018 9:31,memory,available mbytes,,853,memory-available mbytes
e2016site1,5/5/2018 9:31,physicaldisk(1),avg. disk sec/transfer,1,0,physicaldisk(1)-avg. disk sec/transfer
e2016site1,5/5/2018 9:31,physicaldisk(2),avg. disk sec/transfer,2,0,physicaldisk(2)-avg. disk sec/transfer
e2016site1,5/5/2018 9:31,physicaldisk(3),avg. disk sec/transfer,3,0,physicaldisk(3)-avg. disk sec/transfer
e2016site1,5/5/2018 9:31,physicaldisk(4),avg. disk sec/transfer,4,0,physicaldisk(4)-avg. disk sec/transfer
e2016site1,5/5/2018 9:31,physicaldisk(0 c:),avg. disk sec/transfer,0 c:,0,physicaldisk(0 c:)-avg. disk sec/transfer
e2016site1,5/5/2018 9:31,physicaldisk(_total),avg. disk sec/transfer,_total,0,physicaldisk(_total)-avg. disk sec/transfer
e2016site2,5/5/2018 9:31,physicaldisk(1),avg. disk sec/transfer,1,0,physicaldisk(1)-avg. disk sec/transfer
e2016site2,5/5/2018 9:31,physicaldisk(2),avg. disk sec/transfer,2,0,physicaldisk(2)-avg. disk sec/transfer
e2016site2,5/5/2018 9:31,physicaldisk(3),avg. disk sec/transfer,3,0,physicaldisk(3)-avg. disk sec/transfer
e2016site2,5/5/2018 9:31,physicaldisk(4),avg. disk sec/transfer,4,0,physicaldisk(4)-avg. disk sec/transfer
e2016site2,5/5/2018 9:31,physicaldisk(0 c:),avg. disk sec/transfer,0 c:,0,physicaldisk(0 c:)-avg. disk sec/transfer
e2016site2,5/5/2018 9:31,physicaldisk(_total),avg. disk sec/transfer,_total,0,physicaldisk(_total)-avg. disk sec/transfer
e2016site1,5/5/2018 9:31,network interface(microsoft hyper-v network adapter),bytes total/sec,microsoft hyper-v network adapter,92112.46,network interface(microsoft hyper-v network adapter)-bytes total/sec
e2016site1,5/5/2018 9:31,network interface(isatap.msftonlinerepro.com),bytes total/sec,isatap.msftonlinerepro.com,0,network interface(isatap.msftonlinerepro.com)-bytes total/sec
e2016site1,5/5/2018 9:31,network interface(isatap.{7b6ad9dd-9da5-459a-b158-9539c74b42be}),bytes total/sec,isatap.{7b6ad9dd-9da5-459a-b158-9539c74b42be},0,network interface(isatap.{7b6ad9dd-9da5-459a-b158-9539c74b42be})-bytes total/sec
e2016site2,5/5/2018 9:31,network interface(microsoft hyper-v network adapter),bytes total/sec,microsoft hyper-v network adapter,78069.47,network interface(microsoft hyper-v network adapter)-bytes total/sec
e2016site2,5/5/2018 9:31,network interface(isatap.msftonlinerepro.com),bytes total/sec,isatap.msftonlinerepro.com,0,network interface(isatap.msftonlinerepro.com)-bytes total/sec
e2016site2,5/5/2018 9:31,network interface(isatap.{48fe05f3-786e-4756-b1b9-0c81877942d6}),bytes total/sec,isatap.{48fe05f3-786e-4756-b1b9-0c81877942d6},0,network interface(isatap.{48fe05f3-786e-4756-b1b9-0c81877942d6})-bytes total/sec
e2016site1,5/5/2018 9:31,processor(_total),% processor time,_total,0.76,processor(_total)-% processor time
e2016site2,5/5/2018 9:31,processor(_total),% processor time,_total,0,processor(_total)-% processor time
e2016site1,5/5/2018 9:31,msexchange rpcclientaccess,rpc averaged latency,,14,msexchange rpcclientaccess-rpc averaged latency
e2016site2,5/5/2018 9:31,msexchange rpcclientaccess,rpc averaged latency,,25,msexchange rpcclientaccess-rpc averaged latency
e2016site1,5/5/2018 9:31,msexchange rpcclientaccess,rpc requests,,0,msexchange rpcclientaccess-rpc requests
e2016site2,5/5/2018 9:31,msexchange rpcclientaccess,rpc requests,,0,msexchange rpcclientaccess-rpc requests
e2016site1,5/5/2018 9:31,memory,available mbytes,,934,memory-available mbytes
e2016site2,5/5/2018 9:31,memory,available mbytes,,853,memory-available mbytes
e2016site1,5/5/2018 9:31,physicaldisk(1),avg. disk sec/transfer,1,0,physicaldisk(1)-avg. disk sec/transfer
e2016site1,5/5/2018 9:31,physicaldisk(2),avg. disk sec/transfer,2,0,physicaldisk(2)-avg. disk sec/transfer
e2016site1,5/5/2018 9:31,physicaldisk(3),avg. disk sec/transfer,3,0,physicaldisk(3)-avg. disk sec/transfer
e2016site1,5/5/2018 9:31,physicaldisk(4),avg. disk sec/transfer,4,0,physicaldisk(4)-avg. disk sec/transfer
e2016site1,5/5/2018 9:31,physicaldisk(0 c:),avg. disk sec/transfer,0 c:,0,physicaldisk(0 c:)-avg. disk sec/transfer
e2016site1,5/5/2018 9:31,physicaldisk(_total),avg. disk sec/transfer,_total,0,physicaldisk(_total)-avg. disk sec/transfer
e2016site2,5/5/2018 9:31,physicaldisk(1),avg. disk sec/transfer,1,0,physicaldisk(1)-avg. disk sec/transfer
e2016site2,5/5/2018 9:31,physicaldisk(2),avg. disk sec/transfer,2,0,physicaldisk(2)-avg. disk sec/transfer
e2016site2,5/5/2018 9:31,physicaldisk(3),avg. disk sec/transfer,3,0,physicaldisk(3)-avg. disk sec/transfer
e2016site2,5/5/2018 9:31,physicaldisk(4),avg. disk sec/transfer,4,0,physicaldisk(4)-avg. disk sec/transfer
e2016site2,5/5/2018 9:31,physicaldisk(0 c:),avg. disk sec/transfer,0 c:,0,physicaldisk(0 c:)-avg. disk sec/transfer
e2016site2,5/5/2018 9:31,physicaldisk(_total),avg. disk sec/transfer,_total,0,physicaldisk(_total)-avg. disk sec/transfer
e2016site1,5/5/2018 9:31,network interface(microsoft hyper-v network adapter),bytes total/sec,microsoft hyper-v network adapter,65633.35,network interface(microsoft hyper-v network adapter)-bytes total/sec
e2016site1,5/5/2018 9:31,network interface(isatap.msftonlinerepro.com),bytes total/sec,isatap.msftonlinerepro.com,0,network interface(isatap.msftonlinerepro.com)-bytes total/sec
e2016site1,5/5/2018 9:31,network interface(isatap.{7b6ad9dd-9da5-459a-b158-9539c74b42be}),bytes total/sec,isatap.{7b6ad9dd-9da5-459a-b158-9539c74b42be},0,network interface(isatap.{7b6ad9dd-9da5-459a-b158-9539c74b42be})-bytes total/sec
e2016site2,5/5/2018 9:31,network interface(microsoft hyper-v network adapter),bytes total/sec,microsoft hyper-v network adapter,31660.15,network interface(microsoft hyper-v network adapter)-bytes total/sec
e2016site2,5/5/2018 9:31,network interface(isatap.msftonlinerepro.com),bytes total/sec,isatap.msftonlinerepro.com,0,network interface(isatap.msftonlinerepro.com)-bytes total/sec
e2016site2,5/5/2018 9:31,network interface(isatap.{48fe05f3-786e-4756-b1b9-0c81877942d6}),bytes total/sec,isatap.{48fe05f3-786e-4756-b1b9-0c81877942d6},0,network interface(isatap.{48fe05f3-786e-4756-b1b9-0c81877942d6})-bytes total/sec
e2016site1,5/5/2018 9:31,processor(_total),% processor time,_total,0,processor(_total)-% processor time
e2016site2,5/5/2018 9:31,processor(_total),% processor time,_total,0,processor(_total)-% processor time
e2016site1,5/5/2018 9:31,msexchange rpcclientaccess,rpc averaged latency,,14,msexchange rpcclientaccess-rpc averaged latency
e2016site2,5/5/2018 9:31,msexchange rpcclientaccess,rpc averaged latency,,25,msexchange rpcclientaccess-rpc averaged latency
e2016site1,5/5/2018 9:31,msexchange rpcclientaccess,rpc requests,,0,msexchange rpcclientaccess-rpc requests
e2016site2,5/5/2018 9:31,msexchange rpcclientaccess,rpc requests,,0,msexchange rpcclientaccess-rpc requests
e2016site1,5/5/2018 9:31,memory,available mbytes,,934,memory-available mbytes
e2016site2,5/5/2018 9:31,memory,available mbytes,,853,memory-available mbytes
e2016site1,5/5/2018 9:31,physicaldisk(1),avg. disk sec/transfer,1,0,physicaldisk(1)-avg. disk sec/transfer
e2016site1,5/5/2018 9:31,physicaldisk(2),avg. disk sec/transfer,2,0,physicaldisk(2)-avg. disk sec/transfer
e2016site1,5/5/2018 9:31,physicaldisk(3),avg. disk sec/transfer,3,0,physicaldisk(3)-avg. disk sec/transfer
e2016site1,5/5/2018 9:31,physicaldisk(4),avg. disk sec/transfer,4,0,physicaldisk(4)-avg. disk sec/transfer
e2016site1,5/5/2018 9:31,physicaldisk(0 c:),avg. disk sec/transfer,0 c:,0,physicaldisk(0 c:)-avg. disk sec/transfer
e2016site1,5/5/2018 9:31,physicaldisk(_total),avg. disk sec/transfer,_total,0,physicaldisk(_total)-avg. disk sec/transfer
e2016site2,5/5/2018 9:31,physicaldisk(1),avg. disk sec/transfer,1,0,physicaldisk(1)-avg. disk sec/transfer
e2016site2,5/5/2018 9:31,physicaldisk(2),avg. disk sec/transfer,2,0,physicaldisk(2)-avg. disk sec/transfer
e2016site2,5/5/2018 9:31,physicaldisk(3),avg. disk sec/transfer,3,0,physicaldisk(3)-avg. disk sec/transfer
e2016site2,5/5/2018 9:31,physicaldisk(4),avg. disk sec/transfer,4,0,physicaldisk(4)-avg. disk sec/transfer
e2016site2,5/5/2018 9:31,physicaldisk(0 c:),avg. disk sec/transfer,0 c:,0,physicaldisk(0 c:)-avg. disk sec/transfer
e2016site2,5/5/2018 9:31,physicaldisk(_total),avg. disk sec/transfer,_total,0,physicaldisk(_total)-avg. disk sec/transfer
e2016site1,5/5/2018 9:31,network interface(microsoft hyper-v network adapter),bytes total/sec,microsoft hyper-v network adapter,31261.65,network interface(microsoft hyper-v network adapter)-bytes total/sec
e2016site1,5/5/2018 9:31,network interface(isatap.msftonlinerepro.com),bytes total/sec,isatap.msftonlinerepro.com,0,network interface(isatap.msftonlinerepro.com)-bytes total/sec
e2016site1,5/5/2018 9:31,network interface(isatap.{7b6ad9dd-9da5-459a-b158-9539c74b42be}),bytes total/sec,isatap.{7b6ad9dd-9da5-459a-b158-9539c74b42be},0,network interface(isatap.{7b6ad9dd-9da5-459a-b158-9539c74b42be})-bytes total/sec
e2016site2,5/5/2018 9:31,network interface(microsoft hyper-v network adapter),bytes total/sec,microsoft hyper-v network adapter,42544.99,network interface(microsoft hyper-v network adapter)-bytes total/sec
e2016site2,5/5/2018 9:31,network interface(isatap.msftonlinerepro.com),bytes total/sec,isatap.msftonlinerepro.com,0,network interface(isatap.msftonlinerepro.com)-bytes total/sec
e2016site2,5/5/2018 9:31,network interface(isatap.{48fe05f3-786e-4756-b1b9-0c81877942d6}),bytes total/sec,isatap.{48fe05f3-786e-4756-b1b9-0c81877942d6},0,network interface(isatap.{48fe05f3-786e-4756-b1b9-0c81877942d6})-bytes total/sec
e2016site1,5/5/2018 9:31,processor(_total),% processor time,_total,0,processor(_total)-% processor time
e2016site2,5/5/2018 9:31,processor(_total),% processor time,_total,7.03,processor(_total)-% processor time
e2016site1,5/5/2018 9:31,msexchange rpcclientaccess,rpc averaged latency,,14,msexchange rpcclientaccess-rpc averaged latency
e2016site2,5/5/2018 9:31,msexchange rpcclientaccess,rpc averaged latency,,25,msexchange rpcclientaccess-rpc averaged latency
e2016site1,5/5/2018 9:31,msexchange rpcclientaccess,rpc requests,,0,msexchange rpcclientaccess-rpc requests
e2016site2,5/5/2018 9:31,msexchange rpcclientaccess,rpc requests,,0,msexchange rpcclientaccess-rpc requests
e2016site1,5/5/2018 9:31,memory,available mbytes,,934,memory-available mbytes
e2016site2,5/5/2018 9:31,memory,available mbytes,,853,memory-available mbytes
e2016site1,5/5/2018 9:31,physicaldisk(1),avg. disk sec/transfer,1,0,physicaldisk(1)-avg. disk sec/transfer
e2016site1,5/5/2018 9:31,physicaldisk(2),avg. disk sec/transfer,2,0,physicaldisk(2)-avg. disk sec/transfer
e2016site1,5/5/2018 9:31,physicaldisk(3),avg. disk sec/transfer,3,0,physicaldisk(3)-avg. disk sec/transfer
e2016site1,5/5/2018 9:31,physicaldisk(4),avg. disk sec/transfer,4,0,physicaldisk(4)-avg. disk sec/transfer
e2016site1,5/5/2018 9:31,physicaldisk(0 c:),avg. disk sec/transfer,0 c:,0,physicaldisk(0 c:)-avg. disk sec/transfer
e2016site1,5/5/2018 9:31,physicaldisk(_total),avg. disk sec/transfer,_total,0,physicaldisk(_total)-avg. disk sec/transfer
e2016site2,5/5/2018 9:31,physicaldisk(1),avg. disk sec/transfer,1,0,physicaldisk(1)-avg. disk sec/transfer
e2016site2,5/5/2018 9:31,physicaldisk(2),avg. disk sec/transfer,2,0,physicaldisk(2)-avg. disk sec/transfer
e2016site2,5/5/2018 9:31,physicaldisk(3),avg. disk sec/transfer,3,0,physicaldisk(3)-avg. disk sec/transfer
e2016site2,5/5/2018 9:31,physicaldisk(4),avg. disk sec/transfer,4,0,physicaldisk(4)-avg. disk sec/transfer
e2016site2,5/5/2018 9:31,physicaldisk(0 c:),avg. disk sec/transfer,0 c:,0,physicaldisk(0 c:)-avg. disk sec/transfer
e2016site2,5/5/2018 9:31,physicaldisk(_total),avg. disk sec/transfer,_total,0,physicaldisk(_total)-avg. disk sec/transfer
e2016site1,5/5/2018 9:31,network interface(microsoft hyper-v network adapter),bytes total/sec,microsoft hyper-v network adapter,29921.52,network interface(microsoft hyper-v network adapter)-bytes total/sec
e2016site1,5/5/2018 9:31,network interface(isatap.msftonlinerepro.com),bytes total/sec,isatap.msftonlinerepro.com,0,network interface(isatap.msftonlinerepro.com)-bytes total/sec
e2016site1,5/5/2018 9:31,network interface(isatap.{7b6ad9dd-9da5-459a-b158-9539c74b42be}),bytes total/sec,isatap.{7b6ad9dd-9da5-459a-b158-9539c74b42be},0,network interface(isatap.{7b6ad9dd-9da5-459a-b158-9539c74b42be})-bytes total/sec
e2016site2,5/5/2018 9:31,network interface(microsoft hyper-v network adapter),bytes total/sec,microsoft hyper-v network adapter,27970.8,network interface(microsoft hyper-v network adapter)-bytes total/sec
e2016site2,5/5/2018 9:31,network interface(isatap.msftonlinerepro.com),bytes total/sec,isatap.msftonlinerepro.com,0,network interface(isatap.msftonlinerepro.com)-bytes total/sec
e2016site2,5/5/2018 9:31,network interface(isatap.{48fe05f3-786e-4756-b1b9-0c81877942d6}),bytes total/sec,isatap.{48fe05f3-786e-4756-b1b9-0c81877942d6},0,network interface(isatap.{48fe05f3-786e-4756-b1b9-0c81877942d6})-bytes total/sec
e2016site1,5/5/2018 9:31,processor(_total),% processor time,_total,0,processor(_total)-% processor time
e2016site2,5/5/2018 9:31,processor(_total),% processor time,_total,1.59,processor(_total)-% processor time
e2016site1,5/5/2018 9:31,msexchange rpcclientaccess,rpc averaged latency,,14,msexchange rpcclientaccess-rpc averaged latency
e2016site2,5/5/2018 9:31,msexchange rpcclientaccess,rpc averaged latency,,25,msexchange rpcclientaccess-rpc averaged latency
e2016site1,5/5/2018 9:31,msexchange rpcclientaccess,rpc requests,,0,msexchange rpcclientaccess-rpc requests
e2016site2,5/5/2018 9:31,msexchange rpcclientaccess,rpc requests,,0,msexchange rpcclientaccess-rpc requests
e2016site1,5/5/2018 9:31,memory,available mbytes,,934,memory-available mbytes
e2016site2,5/5/2018 9:31,memory,available mbytes,,853,memory-available mbytes
e2016site1,5/5/2018 9:31,physicaldisk(1),avg. disk sec/transfer,1,0,physicaldisk(1)-avg. disk sec/transfer
e2016site1,5/5/2018 9:31,physicaldisk(2),avg. disk sec/transfer,2,0,physicaldisk(2)-avg. disk sec/transfer
e2016site1,5/5/2018 9:31,physicaldisk(3),avg. disk sec/transfer,3,0,physicaldisk(3)-avg. disk sec/transfer
e2016site1,5/5/2018 9:31,physicaldisk(4),avg. disk sec/transfer,4,0,physicaldisk(4)-avg. disk sec/transfer
e2016site1,5/5/2018 9:31,physicaldisk(0 c:),avg. disk sec/transfer,0 c:,0,physicaldisk(0 c:)-avg. disk sec/transfer
e2016site1,5/5/2018 9:31,physicaldisk(_total),avg. disk sec/transfer,_total,0,physicaldisk(_total)-avg. disk sec/transfer
e2016site2,5/5/2018 9:31,physicaldisk(1),avg. disk sec/transfer,1,0,physicaldisk(1)-avg. disk sec/transfer
e2016site2,5/5/2018 9:31,physicaldisk(2),avg. disk sec/transfer,2,0,physicaldisk(2)-avg. disk sec/transfer
e2016site2,5/5/2018 9:31,physicaldisk(3),avg. disk sec/transfer,3,0,physicaldisk(3)-avg. disk sec/transfer
e2016site2,5/5/2018 9:31,physicaldisk(4),avg. disk sec/transfer,4,0,physicaldisk(4)-avg. disk sec/transfer
e2016site2,5/5/2018 9:31,physicaldisk(0 c:),avg. disk sec/transfer,0 c:,0,physicaldisk(0 c:)-avg. disk sec/transfer
e2016site2,5/5/2018 9:31,physicaldisk(_total),avg. disk sec/transfer,_total,0,physicaldisk(_total)-avg. disk sec/transfer
e2016site1,5/5/2018 9:31,network interface(microsoft hyper-v network adapter),bytes total/sec,microsoft hyper-v network adapter,30495.53,network interface(microsoft hyper-v network adapter)-bytes total/sec
e2016site1,5/5/2018 9:31,network interface(isatap.msftonlinerepro.com),bytes total/sec,isatap.msftonlinerepro.com,0,network interface(isatap.msftonlinerepro.com)-bytes total/sec
e2016site1,5/5/2018 9:31,network interface(isatap.{7b6ad9dd-9da5-459a-b158-9539c74b42be}),bytes total/sec,isatap.{7b6ad9dd-9da5-459a-b158-9539c74b42be},0,network interface(isatap.{7b6ad9dd-9da5-459a-b158-9539c74b42be})-bytes total/sec
e2016site2,5/5/2018 9:31,network interface(microsoft hyper-v network adapter),bytes total/sec,microsoft hyper-v network adapter,113331.88,network interface(microsoft hyper-v network adapter)-bytes total/sec
e2016site2,5/5/2018 9:31,network interface(isatap.msftonlinerepro.com),bytes total/sec,isatap.msftonlinerepro.com,0,network interface(isatap.msftonlinerepro.com)-bytes total/sec
e2016site2,5/5/2018 9:31,network interface(isatap.{48fe05f3-786e-4756-b1b9-0c81877942d6}),bytes total/sec,isatap.{48fe05f3-786e-4756-b1b9-0c81877942d6},0,network interface(isatap.{48fe05f3-786e-4756-b1b9-0c81877942d6})-bytes total/sec
e2016site1,5/5/2018 9:31,processor(_total),% processor time,_total,1.16,processor(_total)-% processor time
e2016site2,5/5/2018 9:31,processor(_total),% processor time,_total,0.37,processor(_total)-% processor time
e2016site1,5/5/2018 9:31,msexchange rpcclientaccess,rpc averaged latency,,14,msexchange rpcclientaccess-rpc averaged latency
e2016site2,5/5/2018 9:31,msexchange rpcclientaccess,rpc averaged latency,,25,msexchange rpcclientaccess-rpc averaged latency
e2016site1,5/5/2018 9:31,msexchange rpcclientaccess,rpc requests,,0,msexchange rpcclientaccess-rpc requests
e2016site2,5/5/2018 9:31,msexchange rpcclientaccess,rpc requests,,0,msexchange rpcclientaccess-rpc requests
e2016site1,5/5/2018 9:31,memory,available mbytes,,934,memory-available mbytes
e2016site2,5/5/2018 9:31,memory,available mbytes,,853,memory-available mbytes
e2016site1,5/5/2018 9:31,physicaldisk(1),avg. disk sec/transfer,1,0,physicaldisk(1)-avg. disk sec/transfer
e2016site1,5/5/2018 9:31,physicaldisk(2),avg. disk sec/transfer,2,0,physicaldisk(2)-avg. disk sec/transfer
e2016site1,5/5/2018 9:31,physicaldisk(3),avg. disk sec/transfer,3,0,physicaldisk(3)-avg. disk sec/transfer
e2016site1,5/5/2018 9:31,physicaldisk(4),avg. disk sec/transfer,4,0,physicaldisk(4)-avg. disk sec/transfer
e2016site1,5/5/2018 9:31,physicaldisk(0 c:),avg. disk sec/transfer,0 c:,0,physicaldisk(0 c:)-avg. disk sec/transfer
e2016site1,5/5/2018 9:31,physicaldisk(_total),avg. disk sec/transfer,_total,0,physicaldisk(_total)-avg. disk sec/transfer
e2016site2,5/5/2018 9:31,physicaldisk(1),avg. disk sec/transfer,1,0,physicaldisk(1)-avg. disk sec/transfer
e2016site2,5/5/2018 9:31,physicaldisk(2),avg. disk sec/transfer,2,0,physicaldisk(2)-avg. disk sec/transfer
e2016site2,5/5/2018 9:31,physicaldisk(3),avg. disk sec/transfer,3,0,physicaldisk(3)-avg. disk sec/transfer
e2016site2,5/5/2018 9:31,physicaldisk(4),avg. disk sec/transfer,4,0,physicaldisk(4)-avg. disk sec/transfer
e2016site2,5/5/2018 9:31,physicaldisk(0 c:),avg. disk sec/transfer,0 c:,0,physicaldisk(0 c:)-avg. disk sec/transfer
e2016site2,5/5/2018 9:31,physicaldisk(_total),avg. disk sec/transfer,_total,0,physicaldisk(_total)-avg. disk sec/transfer
e2016site1,5/5/2018 9:31,network interface(microsoft hyper-v network adapter),bytes total/sec,microsoft hyper-v network adapter,29889.83,network interface(microsoft hyper-v network adapter)-bytes total/sec
e2016site1,5/5/2018 9:31,network interface(isatap.msftonlinerepro.com),bytes total/sec,isatap.msftonlinerepro.com,0,network interface(isatap.msftonlinerepro.com)-bytes total/sec
e2016site1,5/5/2018 9:31,network interface(isatap.{7b6ad9dd-9da5-459a-b158-9539c74b42be}),bytes total/sec,isatap.{7b6ad9dd-9da5-459a-b158-9539c74b42be},0,network interface(isatap.{7b6ad9dd-9da5-459a-b158-9539c74b42be})-bytes total/sec
e2016site2,5/5/2018 9:31,network interface(microsoft hyper-v network adapter),bytes total/sec,microsoft hyper-v network adapter,27973.77,network interface(microsoft hyper-v network adapter)-bytes total/sec
e2016site2,5/5/2018 9:31,network interface(isatap.msftonlinerepro.com),bytes total/sec,isatap.msftonlinerepro.com,0,network interface(isatap.msftonlinerepro.com)-bytes total/sec
e2016site2,5/5/2018 9:31,network interface(isatap.{48fe05f3-786e-4756-b1b9-0c81877942d6}),bytes total/sec,isatap.{48fe05f3-786e-4756-b1b9-0c81877942d6},0,network interface(isatap.{48fe05f3-786e-4756-b1b9-0c81877942d6})-bytes total/sec
e2016site1,5/5/2018 9:31,processor(_total),% processor time,_total,0.39,processor(_total)-% processor time
e2016site2,5/5/2018 9:31,processor(_total),% processor time,_total,1.18,processor(_total)-% processor time
e2016site1,5/5/2018 9:31,msexchange rpcclientaccess,rpc averaged latency,,14,msexchange rpcclientaccess-rpc averaged latency
e2016site2,5/5/2018 9:31,msexchange rpcclientaccess,rpc averaged latency,,25,msexchange rpcclientaccess-rpc averaged latency
e2016site1,5/5/2018 9:31,msexchange rpcclientaccess,rpc requests,,0,msexchange rpcclientaccess-rpc requests
e2016site2,5/5/2018 9:31,msexchange rpcclientaccess,rpc requests,,0,msexchange rpcclientaccess-rpc requests
e2016site1,5/5/2018 9:31,memory,available mbytes,,934,memory-available mbytes
e2016site2,5/5/2018 9:31,memory,available mbytes,,853,memory-available mbytes
e2016site1,5/5/2018 9:31,physicaldisk(1),avg. disk sec/transfer,1,0,physicaldisk(1)-avg. disk sec/transfer
e2016site1,5/5/2018 9:31,physicaldisk(2),avg. disk sec/transfer,2,0,physicaldisk(2)-avg. disk sec/transfer
e2016site1,5/5/2018 9:31,physicaldisk(3),avg. disk sec/transfer,3,0,physicaldisk(3)-avg. disk sec/transfer
e2016site1,5/5/2018 9:31,physicaldisk(4),avg. disk sec/transfer,4,0,physicaldisk(4)-avg. disk sec/transfer
e2016site1,5/5/2018 9:31,physicaldisk(0 c:),avg. disk sec/transfer,0 c:,0,physicaldisk(0 c:)-avg. disk sec/transfer
e2016site1,5/5/2018 9:31,physicaldisk(_total),avg. disk sec/transfer,_total,0,physicaldisk(_total)-avg. disk sec/transfer
e2016site2,5/5/2018 9:31,physicaldisk(1),avg. disk sec/transfer,1,0,physicaldisk(1)-avg. disk sec/transfer
e2016site2,5/5/2018 9:31,physicaldisk(2),avg. disk sec/transfer,2,0,physicaldisk(2)-avg. disk sec/transfer
e2016site2,5/5/2018 9:31,physicaldisk(3),avg. disk sec/transfer,3,0,physicaldisk(3)-avg. disk sec/transfer
e2016site2,5/5/2018 9:31,physicaldisk(4),avg. disk sec/transfer,4,0,physicaldisk(4)-avg. disk sec/transfer
e2016site2,5/5/2018 9:31,physicaldisk(0 c:),avg. disk sec/transfer,0 c:,0,physicaldisk(0 c:)-avg. disk sec/transfer
e2016site2,5/5/2018 9:31,physicaldisk(_total),avg. disk sec/transfer,_total,0,physicaldisk(_total)-avg. disk sec/transfer
e2016site1,5/5/2018 9:31,network interface(microsoft hyper-v network adapter),bytes total/sec,microsoft hyper-v network adapter,31698.64,network interface(microsoft hyper-v network adapter)-bytes total/sec
e2016site1,5/5/2018 9:31,network interface(isatap.msftonlinerepro.com),bytes total/sec,isatap.msftonlinerepro.com,0,network interface(isatap.msftonlinerepro.com)-bytes total/sec
e2016site1,5/5/2018 9:31,network interface(isatap.{7b6ad9dd-9da5-459a-b158-9539c74b42be}),bytes total/sec,isatap.{7b6ad9dd-9da5-459a-b158-9539c74b42be},0,network interface(isatap.{7b6ad9dd-9da5-459a-b158-9539c74b42be})-bytes total/sec
e2016site2,5/5/2018 9:31,network interface(microsoft hyper-v network adapter),bytes total/sec,microsoft hyper-v network adapter,28301.84,network interface(microsoft hyper-v network adapter)-bytes total/sec
e2016site2,5/5/2018 9:31,network interface(isatap.msftonlinerepro.com),bytes total/sec,isatap.msftonlinerepro.com,0,network interface(isatap.msftonlinerepro.com)-bytes total/sec
e2016site2,5/5/2018 9:31,network interface(isatap.{48fe05f3-786e-4756-b1b9-0c81877942d6}),bytes total/sec,isatap.{48fe05f3-786e-4756-b1b9-0c81877942d6},0,network interface(isatap.{48fe05f3-786e-4756-b1b9-0c81877942d6})-bytes total/sec
e2016site1,5/5/2018 9:31,processor(_total),% processor time,_total,0,processor(_total)-% processor time
e2016site2,5/5/2018 9:31,processor(_total),% processor time,_total,0,processor(_total)-% processor time
e2016site1,5/5/2018 9:31,msexchange rpcclientaccess,rpc averaged latency,,14,msexchange rpcclientaccess-rpc averaged latency
e2016site2,5/5/2018 9:31,msexchange rpcclientaccess,rpc averaged latency,,25,msexchange rpcclientaccess-rpc averaged latency
e2016site1,5/5/2018 9:31,msexchange rpcclientaccess,rpc requests,,0,msexchange rpcclientaccess-rpc requests
e2016site2,5/5/2018 9:31,msexchange rpcclientaccess,rpc requests,,0,msexchange rpcclientaccess-rpc requests
e2016site1,5/5/2018 9:31,memory,available mbytes,,934,memory-available mbytes
e2016site2,5/5/2018 9:31,memory,available mbytes,,853,memory-available mbytes
e2016site1,5/5/2018 9:31,physicaldisk(1),avg. disk sec/transfer,1,0,physicaldisk(1)-avg. disk sec/transfer
e2016site1,5/5/2018 9:31,physicaldisk(2),avg. disk sec/transfer,2,0,physicaldisk(2)-avg. disk sec/transfer
e2016site1,5/5/2018 9:31,physicaldisk(3),avg. disk sec/transfer,3,0,physicaldisk(3)-avg. disk sec/transfer
e2016site1,5/5/2018 9:31,physicaldisk(4),avg. disk sec/transfer,4,0,physicaldisk(4)-avg. disk sec/transfer
e2016site1,5/5/2018 9:31,physicaldisk(0 c:),avg. disk sec/transfer,0 c:,0,physicaldisk(0 c:)-avg. disk sec/transfer
e2016site1,5/5/2018 9:31,physicaldisk(_total),avg. disk sec/transfer,_total,0,physicaldisk(_total)-avg. disk sec/transfer
e2016site2,5/5/2018 9:31,physicaldisk(1),avg. disk sec/transfer,1,0,physicaldisk(1)-avg. disk sec/transfer
e2016site2,5/5/2018 9:31,physicaldisk(2),avg. disk sec/transfer,2,0,physicaldisk(2)-avg. disk sec/transfer
e2016site2,5/5/2018 9:31,physicaldisk(3),avg. disk sec/transfer,3,0,physicaldisk(3)-avg. disk sec/transfer
e2016site2,5/5/2018 9:31,physicaldisk(4),avg. disk sec/transfer,4,0,physicaldisk(4)-avg. disk sec/transfer
e2016site2,5/5/2018 9:31,physicaldisk(0 c:),avg. disk sec/transfer,0 c:,0,physicaldisk(0 c:)-avg. disk sec/transfer
e2016site2,5/5/2018 9:31,physicaldisk(_total),avg. disk sec/transfer,_total,0,physicaldisk(_total)-avg. disk sec/transfer
e2016site1,5/5/2018 9:31,network interface(microsoft hyper-v network adapter),bytes total/sec,microsoft hyper-v network adapter,32310.85,network interface(microsoft hyper-v network adapter)-bytes total/sec
e2016site1,5/5/2018 9:31,network interface(isatap.msftonlinerepro.com),bytes total/sec,isatap.msftonlinerepro.com,0,network interface(isatap.msftonlinerepro.com)-bytes total/sec
e2016site1,5/5/2018 9:31,network interface(isatap.{7b6ad9dd-9da5-459a-b158-9539c74b42be}),bytes total/sec,isatap.{7b6ad9dd-9da5-459a-b158-9539c74b42be},0,network interface(isatap.{7b6ad9dd-9da5-459a-b158-9539c74b42be})-bytes total/sec
e2016site2,5/5/2018 9:31,network interface(microsoft hyper-v network adapter),bytes total/sec,microsoft hyper-v network adapter,30637.45,network interface(microsoft hyper-v network adapter)-bytes total/sec
e2016site2,5/5/2018 9:31,network interface(isatap.msftonlinerepro.com),bytes total/sec,isatap.msftonlinerepro.com,0,network interface(isatap.msftonlinerepro.com)-bytes total/sec
e2016site2,5/5/2018 9:31,network interface(isatap.{48fe05f3-786e-4756-b1b9-0c81877942d6}),bytes total/sec,isatap.{48fe05f3-786e-4756-b1b9-0c81877942d6},0,network interface(isatap.{48fe05f3-786e-4756-b1b9-0c81877942d6})-bytes total/sec
e2016site1,5/5/2018 9:31,processor(_total),% processor time,_total,6.54,processor(_total)-% processor time
e2016site2,5/5/2018 9:31,processor(_total),% processor time,_total,0.39,processor(_total)-% processor time
e2016site1,5/5/2018 9:31,msexchange rpcclientaccess,rpc averaged latency,,14,msexchange rpcclientaccess-rpc averaged latency
e2016site2,5/5/2018 9:31,msexchange rpcclientaccess,rpc averaged latency,,25,msexchange rpcclientaccess-rpc averaged latency
e2016site1,5/5/2018 9:31,msexchange rpcclientaccess,rpc requests,,0,msexchange rpcclientaccess-rpc requests
e2016site2,5/5/2018 9:31,msexchange rpcclientaccess,rpc requests,,0,msexchange rpcclientaccess-rpc requests
e2016site1,5/5/2018 9:31,memory,available mbytes,,934,memory-available mbytes
e2016site2,5/5/2018 9:31,memory,available mbytes,,853,memory-available mbytes
e2016site1,5/5/2018 9:31,physicaldisk(1),avg. disk sec/transfer,1,0,physicaldisk(1)-avg. disk sec/transfer
e2016site1,5/5/2018 9:31,physicaldisk(2),avg. disk sec/transfer,2,0,physicaldisk(2)-avg. disk sec/transfer
e2016site1,5/5/2018 9:31,physicaldisk(3),avg. disk sec/transfer,3,0,physicaldisk(3)-avg. disk sec/transfer
e2016site1,5/5/2018 9:31,physicaldisk(4),avg. disk sec/transfer,4,0,physicaldisk(4)-avg. disk sec/transfer
e2016site1,5/5/2018 9:31,physicaldisk(0 c:),avg. disk sec/transfer,0 c:,0,physicaldisk(0 c:)-avg. disk sec/transfer
e2016site1,5/5/2018 9:31,physicaldisk(_total),avg. disk sec/transfer,_total,0,physicaldisk(_total)-avg. disk sec/transfer
e2016site2,5/5/2018 9:31,physicaldisk(1),avg. disk sec/transfer,1,0,physicaldisk(1)-avg. disk sec/transfer
e2016site2,5/5/2018 9:31,physicaldisk(2),avg. disk sec/transfer,2,0,physicaldisk(2)-avg. disk sec/transfer
e2016site2,5/5/2018 9:31,physicaldisk(3),avg. disk sec/transfer,3,0,physicaldisk(3)-avg. disk sec/transfer
e2016site2,5/5/2018 9:31,physicaldisk(4),avg. disk sec/transfer,4,0,physicaldisk(4)-avg. disk sec/transfer
e2016site2,5/5/2018 9:31,physicaldisk(0 c:),avg. disk sec/transfer,0 c:,0,physicaldisk(0 c:)-avg. disk sec/transfer
e2016site2,5/5/2018 9:31,physicaldisk(_total),avg. disk sec/transfer,_total,0,physicaldisk(_total)-avg. disk sec/transfer
e2016site1,5/5/2018 9:31,network interface(microsoft hyper-v network adapter),bytes total/sec,microsoft hyper-v network adapter,48535.38,network interface(microsoft hyper-v network adapter)-bytes total/sec
e2016site1,5/5/2018 9:31,network interface(isatap.msftonlinerepro.com),bytes total/sec,isatap.msftonlinerepro.com,0,network interface(isatap.msftonlinerepro.com)-bytes total/sec
e2016site1,5/5/2018 9:31,network interface(isatap.{7b6ad9dd-9da5-459a-b158-9539c74b42be}),bytes total/sec,isatap.{7b6ad9dd-9da5-459a-b158-9539c74b42be},0,network interface(isatap.{7b6ad9dd-9da5-459a-b158-9539c74b42be})-bytes total/sec
e2016site2,5/5/2018 9:31,network interface(microsoft hyper-v network adapter),bytes total/sec,microsoft hyper-v network adapter,46705.51,network interface(microsoft hyper-v network adapter)-bytes total/sec
e2016site2,5/5/2018 9:31,network interface(isatap.msftonlinerepro.com),bytes total/sec,isatap.msftonlinerepro.com,0,network interface(isatap.msftonlinerepro.com)-bytes total/sec
e2016site2,5/5/2018 9:31,network interface(isatap.{48fe05f3-786e-4756-b1b9-0c81877942d6}),bytes total/sec,isatap.{48fe05f3-786e-4756-b1b9-0c81877942d6},0,network interface(isatap.{48fe05f3-786e-4756-b1b9-0c81877942d6})-bytes total/sec
e2016site1,5/5/2018 9:31,processor(_total),% processor time,_total,0.77,processor(_total)-% processor time
e2016site2,5/5/2018 9:31,processor(_total),% processor time,_total,0,processor(_total)-% processor time
e2016site1,5/5/2018 9:31,msexchange rpcclientaccess,rpc averaged latency,,14,msexchange rpcclientaccess-rpc averaged latency
e2016site2,5/5/2018 9:31,msexchange rpcclientaccess,rpc averaged latency,,25,msexchange rpcclientaccess-rpc averaged latency
e2016site1,5/5/2018 9:31,msexchange rpcclientaccess,rpc requests,,0,msexchange rpcclientaccess-rpc requests
e2016site2,5/5/2018 9:31,msexchange rpcclientaccess,rpc requests,,0,msexchange rpcclientaccess-rpc requests
e2016site1,5/5/2018 9:31,memory,available mbytes,,934,memory-available mbytes
e2016site2,5/5/2018 9:31,memory,available mbytes,,853,memory-available mbytes
e2016site1,5/5/2018 9:31,physicaldisk(1),avg. disk sec/transfer,1,0,physicaldisk(1)-avg. disk sec/transfer
e2016site1,5/5/2018 9:31,physicaldisk(2),avg. disk sec/transfer,2,0,physicaldisk(2)-avg. disk sec/transfer
e2016site1,5/5/2018 9:31,physicaldisk(3),avg. disk sec/transfer,3,0,physicaldisk(3)-avg. disk sec/transfer
e2016site1,5/5/2018 9:31,physicaldisk(4),avg. disk sec/transfer,4,0,physicaldisk(4)-avg. disk sec/transfer
e2016site1,5/5/2018 9:31,physicaldisk(0 c:),avg. disk sec/transfer,0 c:,0,physicaldisk(0 c:)-avg. disk sec/transfer
e2016site1,5/5/2018 9:31,physicaldisk(_total),avg. disk sec/transfer,_total,0,physicaldisk(_total)-avg. disk sec/transfer
e2016site2,5/5/2018 9:31,physicaldisk(1),avg. disk sec/transfer,1,0,physicaldisk(1)-avg. disk sec/transfer
e2016site2,5/5/2018 9:31,physicaldisk(2),avg. disk sec/transfer,2,0,physicaldisk(2)-avg. disk sec/transfer
e2016site2,5/5/2018 9:31,physicaldisk(3),avg. disk sec/transfer,3,0,physicaldisk(3)-avg. disk sec/transfer
e2016site2,5/5/2018 9:31,physicaldisk(4),avg. disk sec/transfer,4,0,physicaldisk(4)-avg. disk sec/transfer
e2016site2,5/5/2018 9:31,physicaldisk(0 c:),avg. disk sec/transfer,0 c:,0,physicaldisk(0 c:)-avg. disk sec/transfer
e2016site2,5/5/2018 9:31,physicaldisk(_total),avg. disk sec/transfer,_total,0,physicaldisk(_total)-avg. disk sec/transfer
e2016site1,5/5/2018 9:31,network interface(microsoft hyper-v network adapter),bytes total/sec,microsoft hyper-v network adapter,39834.81,network interface(microsoft hyper-v network adapter)-bytes total/sec
e2016site1,5/5/2018 9:31,network interface(isatap.msftonlinerepro.com),bytes total/sec,isatap.msftonlinerepro.com,0,network interface(isatap.msftonlinerepro.com)-bytes total/sec
e2016site1,5/5/2018 9:31,network interface(isatap.{7b6ad9dd-9da5-459a-b158-9539c74b42be}),bytes total/sec,isatap.{7b6ad9dd-9da5-459a-b158-9539c74b42be},0,network interface(isatap.{7b6ad9dd-9da5-459a-b158-9539c74b42be})-bytes total/sec
e2016site2,5/5/2018 9:31,network interface(microsoft hyper-v network adapter),bytes total/sec,microsoft hyper-v network adapter,43654.76,network interface(microsoft hyper-v network adapter)-bytes total/sec
e2016site2,5/5/2018 9:31,network interface(isatap.msftonlinerepro.com),bytes total/sec,isatap.msftonlinerepro.com,0,network interface(isatap.msftonlinerepro.com)-bytes total/sec
e2016site2,5/5/2018 9:31,network interface(isatap.{48fe05f3-786e-4756-b1b9-0c81877942d6}),bytes total/sec,isatap.{48fe05f3-786e-4756-b1b9-0c81877942d6},0,network interface(isatap.{48fe05f3-786e-4756-b1b9-0c81877942d6})-bytes total/sec
e2016site1,5/5/2018 9:31,processor(_total),% processor time,_total,8.47,processor(_total)-% processor time
e2016site2,5/5/2018 9:31,processor(_total),% processor time,_total,0.39,processor(_total)-% processor time
e2016site1,5/5/2018 9:31,msexchange rpcclientaccess,rpc averaged latency,,14,msexchange rpcclientaccess-rpc averaged latency
e2016site2,5/5/2018 9:31,msexchange rpcclientaccess,rpc averaged latency,,25,msexchange rpcclientaccess-rpc averaged latency
e2016site1,5/5/2018 9:31,msexchange rpcclientaccess,rpc requests,,0,msexchange rpcclientaccess-rpc requests
e2016site2,5/5/2018 9:31,msexchange rpcclientaccess,rpc requests,,0,msexchange rpcclientaccess-rpc requests
e2016site1,5/5/2018 9:31,memory,available mbytes,,932,memory-available mbytes
e2016site2,5/5/2018 9:31,memory,available mbytes,,853,memory-available mbytes
e2016site1,5/5/2018 9:31,physicaldisk(1),avg. disk sec/transfer,1,0,physicaldisk(1)-avg. disk sec/transfer
e2016site1,5/5/2018 9:31,physicaldisk(2),avg. disk sec/transfer,2,0,physicaldisk(2)-avg. disk sec/transfer
e2016site1,5/5/2018 9:31,physicaldisk(3),avg. disk sec/transfer,3,0,physicaldisk(3)-avg. disk sec/transfer
e2016site1,5/5/2018 9:31,physicaldisk(4),avg. disk sec/transfer,4,0,physicaldisk(4)-avg. disk sec/transfer
e2016site1,5/5/2018 9:31,physicaldisk(0 c:),avg. disk sec/transfer,0 c:,0,physicaldisk(0 c:)-avg. disk sec/transfer
e2016site1,5/5/2018 9:31,physicaldisk(_total),avg. disk sec/transfer,_total,0,physicaldisk(_total)-avg. disk sec/transfer
e2016site2,5/5/2018 9:31,physicaldisk(1),avg. disk sec/transfer,1,0,physicaldisk(1)-avg. disk sec/transfer
e2016site2,5/5/2018 9:31,physicaldisk(2),avg. disk sec/transfer,2,0,physicaldisk(2)-avg. disk sec/transfer
e2016site2,5/5/2018 9:31,physicaldisk(3),avg. disk sec/transfer,3,0,physicaldisk(3)-avg. disk sec/transfer
e2016site2,5/5/2018 9:31,physicaldisk(4),avg. disk sec/transfer,4,0,physicaldisk(4)-avg. disk sec/transfer
e2016site2,5/5/2018 9:31,physicaldisk(0 c:),avg. disk sec/transfer,0 c:,0,physicaldisk(0 c:)-avg. disk sec/transfer
e2016site2,5/5/2018 9:31,physicaldisk(_total),avg. disk sec/transfer,_total,0,physicaldisk(_total)-avg. disk sec/transfer
e2016site1,5/5/2018 9:31,network interface(microsoft hyper-v network adapter),bytes total/sec,microsoft hyper-v network adapter,58707.09,network interface(microsoft hyper-v network adapter)-bytes total/sec
e2016site1,5/5/2018 9:31,network interface(isatap.msftonlinerepro.com),bytes total/sec,isatap.msftonlinerepro.com,0,network interface(isatap.msftonlinerepro.com)-bytes total/sec
e2016site1,5/5/2018 9:31,network interface(isatap.{7b6ad9dd-9da5-459a-b158-9539c74b42be}),bytes total/sec,isatap.{7b6ad9dd-9da5-459a-b158-9539c74b42be},0,network interface(isatap.{7b6ad9dd-9da5-459a-b158-9539c74b42be})-bytes total/sec
e2016site2,5/5/2018 9:31,network interface(microsoft hyper-v network adapter),bytes total/sec,microsoft hyper-v network adapter,57066.7,network interface(microsoft hyper-v network adapter)-bytes total/sec
e2016site2,5/5/2018 9:31,network interface(isatap.msftonlinerepro.com),bytes total/sec,isatap.msftonlinerepro.com,0,network interface(isatap.msftonlinerepro.com)-bytes total/sec
e2016site2,5/5/2018 9:31,network interface(isatap.{48fe05f3-786e-4756-b1b9-0c81877942d6}),bytes total/sec,isatap.{48fe05f3-786e-4756-b1b9-0c81877942d6},0,network interface(isatap.{48fe05f3-786e-4756-b1b9-0c81877942d6})-bytes total/sec
e2016site1,5/5/2018 9:31,processor(_total),% processor time,_total,6.64,processor(_total)-% processor time
e2016site2,5/5/2018 9:31,processor(_total),% processor time,_total,0,processor(_total)-% processor time
e2016site1,5/5/2018 9:31,msexchange rpcclientaccess,rpc averaged latency,,14,msexchange rpcclientaccess-rpc averaged latency
e2016site2,5/5/2018 9:31,msexchange rpcclientaccess,rpc averaged latency,,25,msexchange rpcclientaccess-rpc averaged latency
e2016site1,5/5/2018 9:31,msexchange rpcclientaccess,rpc requests,,0,msexchange rpcclientaccess-rpc requests
e2016site2,5/5/2018 9:31,msexchange rpcclientaccess,rpc requests,,0,msexchange rpcclientaccess-rpc requests
e2016site1,5/5/2018 9:31,memory,available mbytes,,926,memory-available mbytes
e2016site2,5/5/2018 9:31,memory,available mbytes,,853,memory-available mbytes
e2016site1,5/5/2018 9:31,physicaldisk(1),avg. disk sec/transfer,1,0,physicaldisk(1)-avg. disk sec/transfer
e2016site1,5/5/2018 9:31,physicaldisk(2),avg. disk sec/transfer,2,0,physicaldisk(2)-avg. disk sec/transfer
e2016site1,5/5/2018 9:31,physicaldisk(3),avg. disk sec/transfer,3,0,physicaldisk(3)-avg. disk sec/transfer
e2016site1,5/5/2018 9:31,physicaldisk(4),avg. disk sec/transfer,4,0,physicaldisk(4)-avg. disk sec/transfer
e2016site1,5/5/2018 9:31,physicaldisk(0 c:),avg. disk sec/transfer,0 c:,0,physicaldisk(0 c:)-avg. disk sec/transfer
e2016site1,5/5/2018 9:31,physicaldisk(_total),avg. disk sec/transfer,_total,0,physicaldisk(_total)-avg. disk sec/transfer
e2016site2,5/5/2018 9:31,physicaldisk(1),avg. disk sec/transfer,1,0,physicaldisk(1)-avg. disk sec/transfer
e2016site2,5/5/2018 9:31,physicaldisk(2),avg. disk sec/transfer,2,0,physicaldisk(2)-avg. disk sec/transfer
e2016site2,5/5/2018 9:31,physicaldisk(3),avg. disk sec/transfer,3,0,physicaldisk(3)-avg. disk sec/transfer
e2016site2,5/5/2018 9:31,physicaldisk(4),avg. disk sec/transfer,4,0,physicaldisk(4)-avg. disk sec/transfer
e2016site2,5/5/2018 9:31,physicaldisk(0 c:),avg. disk sec/transfer,0 c:,0,physicaldisk(0 c:)-avg. disk sec/transfer
e2016site2,5/5/2018 9:31,physicaldisk(_total),avg. disk sec/transfer,_total,0,physicaldisk(_total)-avg. disk sec/transfer
e2016site1,5/5/2018 9:31,network interface(microsoft hyper-v network adapter),bytes total/sec,microsoft hyper-v network adapter,30477.65,network interface(microsoft hyper-v network adapter)-bytes total/sec
e2016site1,5/5/2018 9:31,network interface(isatap.msftonlinerepro.com),bytes total/sec,isatap.msftonlinerepro.com,0,network interface(isatap.msftonlinerepro.com)-bytes total/sec
e2016site1,5/5/2018 9:31,network interface(isatap.{7b6ad9dd-9da5-459a-b158-9539c74b42be}),bytes total/sec,isatap.{7b6ad9dd-9da5-459a-b158-9539c74b42be},0,network interface(isatap.{7b6ad9dd-9da5-459a-b158-9539c74b42be})-bytes total/sec
e2016site2,5/5/2018 9:31,network interface(microsoft hyper-v network adapter),bytes total/sec,microsoft hyper-v network adapter,28667.42,network interface(microsoft hyper-v network adapter)-bytes total/sec
e2016site2,5/5/2018 9:31,network interface(isatap.msftonlinerepro.com),bytes total/sec,isatap.msftonlinerepro.com,0,network interface(isatap.msftonlinerepro.com)-bytes total/sec
e2016site2,5/5/2018 9:31,network interface(isatap.{48fe05f3-786e-4756-b1b9-0c81877942d6}),bytes total/sec,isatap.{48fe05f3-786e-4756-b1b9-0c81877942d6},0,network interface(isatap.{48fe05f3-786e-4756-b1b9-0c81877942d6})-bytes total/sec
e2016site1,5/5/2018 9:31,processor(_total),% processor time,_total,1.93,processor(_total)-% processor time
e2016site2,5/5/2018 9:31,processor(_total),% processor time,_total,0,processor(_total)-% processor time
e2016site1,5/5/2018 9:31,msexchange rpcclientaccess,rpc averaged latency,,14,msexchange rpcclientaccess-rpc averaged latency
e2016site2,5/5/2018 9:31,msexchange rpcclientaccess,rpc averaged latency,,25,msexchange rpcclientaccess-rpc averaged latency
e2016site1,5/5/2018 9:31,msexchange rpcclientaccess,rpc requests,,0,msexchange rpcclientaccess-rpc requests
e2016site2,5/5/2018 9:31,msexchange rpcclientaccess,rpc requests,,0,msexchange rpcclientaccess-rpc requests
e2016site1,5/5/2018 9:31,memory,available mbytes,,926,memory-available mbytes
e2016site2,5/5/2018 9:31,memory,available mbytes,,853,memory-available mbytes
e2016site1,5/5/2018 9:31,physicaldisk(1),avg. disk sec/transfer,1,0,physicaldisk(1)-avg. disk sec/transfer
e2016site1,5/5/2018 9:31,physicaldisk(2),avg. disk sec/transfer,2,0,physicaldisk(2)-avg. disk sec/transfer
e2016site1,5/5/2018 9:31,physicaldisk(3),avg. disk sec/transfer,3,0,physicaldisk(3)-avg. disk sec/transfer
e2016site1,5/5/2018 9:31,physicaldisk(4),avg. disk sec/transfer,4,0,physicaldisk(4)-avg. disk sec/transfer
e2016site1,5/5/2018 9:31,physicaldisk(0 c:),avg. disk sec/transfer,0 c:,0,physicaldisk(0 c:)-avg. disk sec/transfer
e2016site1,5/5/2018 9:31,physicaldisk(_total),avg. disk sec/transfer,_total,0,physicaldisk(_total)-avg. disk sec/transfer
e2016site2,5/5/2018 9:31,physicaldisk(1),avg. disk sec/transfer,1,0,physicaldisk(1)-avg. disk sec/transfer
e2016site2,5/5/2018 9:31,physicaldisk(2),avg. disk sec/transfer,2,0,physicaldisk(2)-avg. disk sec/transfer
e2016site2,5/5/2018 9:31,physicaldisk(3),avg. disk sec/transfer,3,0,physicaldisk(3)-avg. disk sec/transfer
e2016site2,5/5/2018 9:31,physicaldisk(4),avg. disk sec/transfer,4,0,physicaldisk(4)-avg. disk sec/transfer
e2016site2,5/5/2018 9:31,physicaldisk(0 c:),avg. disk sec/transfer,0 c:,0,physicaldisk(0 c:)-avg. disk sec/transfer
e2016site2,5/5/2018 9:31,physicaldisk(_total),avg. disk sec/transfer,_total,0,physicaldisk(_total)-avg. disk sec/transfer
e2016site1,5/5/2018 9:31,network interface(microsoft hyper-v network adapter),bytes total/sec,microsoft hyper-v network adapter,30110.76,network interface(microsoft hyper-v network adapter)-bytes total/sec
e2016site1,5/5/2018 9:31,network interface(isatap.msftonlinerepro.com),bytes total/sec,isatap.msftonlinerepro.com,0,network interface(isatap.msftonlinerepro.com)-bytes total/sec
e2016site1,5/5/2018 9:31,network interface(isatap.{7b6ad9dd-9da5-459a-b158-9539c74b42be}),bytes total/sec,isatap.{7b6ad9dd-9da5-459a-b158-9539c74b42be},0,network interface(isatap.{7b6ad9dd-9da5-459a-b158-9539c74b42be})-bytes total/sec
e2016site2,5/5/2018 9:31,network interface(microsoft hyper-v network adapter),bytes total/sec,microsoft hyper-v network adapter,28327.98,network interface(microsoft hyper-v network adapter)-bytes total/sec
e2016site2,5/5/2018 9:31,network interface(isatap.msftonlinerepro.com),bytes total/sec,isatap.msftonlinerepro.com,0,network interface(isatap.msftonlinerepro.com)-bytes total/sec
e2016site2,5/5/2018 9:31,network interface(isatap.{48fe05f3-786e-4756-b1b9-0c81877942d6}),bytes total/sec,isatap.{48fe05f3-786e-4756-b1b9-0c81877942d6},0,network interface(isatap.{48fe05f3-786e-4756-b1b9-0c81877942d6})-bytes total/sec
e2016site1,5/5/2018 9:31,processor(_total),% processor time,_total,3.35,processor(_total)-% processor time
e2016site2,5/5/2018 9:31,processor(_total),% processor time,_total,3.85,processor(_total)-% processor time
e2016site1,5/5/2018 9:31,msexchange rpcclientaccess,rpc averaged latency,,14,msexchange rpcclientaccess-rpc averaged latency
e2016site2,5/5/2018 9:31,msexchange rpcclientaccess,rpc averaged latency,,25,msexchange rpcclientaccess-rpc averaged latency
e2016site1,5/5/2018 9:31,msexchange rpcclientaccess,rpc requests,,0,msexchange rpcclientaccess-rpc requests
e2016site2,5/5/2018 9:31,msexchange rpcclientaccess,rpc requests,,0,msexchange rpcclientaccess-rpc requests
e2016site1,5/5/2018 9:31,memory,available mbytes,,925,memory-available mbytes
e2016site2,5/5/2018 9:31,memory,available mbytes,,850,memory-available mbytes
e2016site1,5/5/2018 9:31,physicaldisk(1),avg. disk sec/transfer,1,0,physicaldisk(1)-avg. disk sec/transfer
e2016site1,5/5/2018 9:31,physicaldisk(2),avg. disk sec/transfer,2,0,physicaldisk(2)-avg. disk sec/transfer
e2016site1,5/5/2018 9:31,physicaldisk(3),avg. disk sec/transfer,3,0,physicaldisk(3)-avg. disk sec/transfer
e2016site1,5/5/2018 9:31,physicaldisk(4),avg. disk sec/transfer,4,0,physicaldisk(4)-avg. disk sec/transfer
e2016site1,5/5/2018 9:31,physicaldisk(0 c:),avg. disk sec/transfer,0 c:,0,physicaldisk(0 c:)-avg. disk sec/transfer
e2016site1,5/5/2018 9:31,physicaldisk(_total),avg. disk sec/transfer,_total,0,physicaldisk(_total)-avg. disk sec/transfer
e2016site2,5/5/2018 9:31,physicaldisk(1),avg. disk sec/transfer,1,0,physicaldisk(1)-avg. disk sec/transfer
e2016site2,5/5/2018 9:31,physicaldisk(2),avg. disk sec/transfer,2,0,physicaldisk(2)-avg. disk sec/transfer
e2016site2,5/5/2018 9:31,physicaldisk(3),avg. disk sec/transfer,3,0,physicaldisk(3)-avg. disk sec/transfer
e2016site2,5/5/2018 9:31,physicaldisk(4),avg. disk sec/transfer,4,0,physicaldisk(4)-avg. disk sec/transfer
e2016site2,5/5/2018 9:31,physicaldisk(0 c:),avg. disk sec/transfer,0 c:,0,physicaldisk(0 c:)-avg. disk sec/transfer
e2016site2,5/5/2018 9:31,physicaldisk(_total),avg. disk sec/transfer,_total,0,physicaldisk(_total)-avg. disk sec/transfer
e2016site1,5/5/2018 9:31,network interface(microsoft hyper-v network adapter),bytes total/sec,microsoft hyper-v network adapter,64005.57,network interface(microsoft hyper-v network adapter)-bytes total/sec
e2016site1,5/5/2018 9:31,network interface(isatap.msftonlinerepro.com),bytes total/sec,isatap.msftonlinerepro.com,0,network interface(isatap.msftonlinerepro.com)-bytes total/sec
e2016site1,5/5/2018 9:31,network interface(isatap.{7b6ad9dd-9da5-459a-b158-9539c74b42be}),bytes total/sec,isatap.{7b6ad9dd-9da5-459a-b158-9539c74b42be},0,network interface(isatap.{7b6ad9dd-9da5-459a-b158-9539c74b42be})-bytes total/sec
e2016site2,5/5/2018 9:31,network interface(microsoft hyper-v network adapter),bytes total/sec,microsoft hyper-v network adapter,56460.01,network interface(microsoft hyper-v network adapter)-bytes total/sec
e2016site2,5/5/2018 9:31,network interface(isatap.msftonlinerepro.com),bytes total/sec,isatap.msftonlinerepro.com,0,network interface(isatap.msftonlinerepro.com)-bytes total/sec
e2016site2,5/5/2018 9:31,network interface(isatap.{48fe05f3-786e-4756-b1b9-0c81877942d6}),bytes total/sec,isatap.{48fe05f3-786e-4756-b1b9-0c81877942d6},0,network interface(isatap.{48fe05f3-786e-4756-b1b9-0c81877942d6})-bytes total/sec
e2016site1,5/5/2018 9:31,processor(_total),% processor time,_total,6.16,processor(_total)-% processor time
e2016site2,5/5/2018 9:31,processor(_total),% processor time,_total,7.03,processor(_total)-% processor time
e2016site1,5/5/2018 9:31,msexchange rpcclientaccess,rpc averaged latency,,14,msexchange rpcclientaccess-rpc averaged latency
e2016site2,5/5/2018 9:31,msexchange rpcclientaccess,rpc averaged latency,,25,msexchange rpcclientaccess-rpc averaged latency
e2016site1,5/5/2018 9:31,msexchange rpcclientaccess,rpc requests,,0,msexchange rpcclientaccess-rpc requests
e2016site2,5/5/2018 9:31,msexchange rpcclientaccess,rpc requests,,0,msexchange rpcclientaccess-rpc requests
e2016site1,5/5/2018 9:31,memory,available mbytes,,920,memory-available mbytes
e2016site2,5/5/2018 9:31,memory,available mbytes,,845,memory-available mbytes
e2016site1,5/5/2018 9:31,physicaldisk(1),avg. disk sec/transfer,1,0,physicaldisk(1)-avg. disk sec/transfer
e2016site1,5/5/2018 9:31,physicaldisk(2),avg. disk sec/transfer,2,0,physicaldisk(2)-avg. disk sec/transfer
e2016site1,5/5/2018 9:31,physicaldisk(3),avg. disk sec/transfer,3,0,physicaldisk(3)-avg. disk sec/transfer
e2016site1,5/5/2018 9:31,physicaldisk(4),avg. disk sec/transfer,4,0,physicaldisk(4)-avg. disk sec/transfer
e2016site1,5/5/2018 9:31,physicaldisk(0 c:),avg. disk sec/transfer,0 c:,0,physicaldisk(0 c:)-avg. disk sec/transfer
e2016site1,5/5/2018 9:31,physicaldisk(_total),avg. disk sec/transfer,_total,0,physicaldisk(_total)-avg. disk sec/transfer
e2016site2,5/5/2018 9:31,physicaldisk(1),avg. disk sec/transfer,1,0,physicaldisk(1)-avg. disk sec/transfer
e2016site2,5/5/2018 9:31,physicaldisk(2),avg. disk sec/transfer,2,0,physicaldisk(2)-avg. disk sec/transfer
e2016site2,5/5/2018 9:31,physicaldisk(3),avg. disk sec/transfer,3,0,physicaldisk(3)-avg. disk sec/transfer
e2016site2,5/5/2018 9:31,physicaldisk(4),avg. disk sec/transfer,4,0,physicaldisk(4)-avg. disk sec/transfer
e2016site2,5/5/2018 9:31,physicaldisk(0 c:),avg. disk sec/transfer,0 c:,0,physicaldisk(0 c:)-avg. disk sec/transfer
e2016site2,5/5/2018 9:31,physicaldisk(_total),avg. disk sec/transfer,_total,0,physicaldisk(_total)-avg. disk sec/transfer
e2016site1,5/5/2018 9:31,network interface(microsoft hyper-v network adapter),bytes total/sec,microsoft hyper-v network adapter,29823.02,network interface(microsoft hyper-v network adapter)-bytes total/sec
e2016site1,5/5/2018 9:31,network interface(isatap.msftonlinerepro.com),bytes total/sec,isatap.msftonlinerepro.com,0,network interface(isatap.msftonlinerepro.com)-bytes total/sec
e2016site1,5/5/2018 9:31,network interface(isatap.{7b6ad9dd-9da5-459a-b158-9539c74b42be}),bytes total/sec,isatap.{7b6ad9dd-9da5-459a-b158-9539c74b42be},0,network interface(isatap.{7b6ad9dd-9da5-459a-b158-9539c74b42be})-bytes total/sec
e2016site2,5/5/2018 9:31,network interface(microsoft hyper-v network adapter),bytes total/sec,microsoft hyper-v network adapter,28048.43,network interface(microsoft hyper-v network adapter)-bytes total/sec
e2016site2,5/5/2018 9:31,network interface(isatap.msftonlinerepro.com),bytes total/sec,isatap.msftonlinerepro.com,0,network interface(isatap.msftonlinerepro.com)-bytes total/sec
e2016site2,5/5/2018 9:31,network interface(isatap.{48fe05f3-786e-4756-b1b9-0c81877942d6}),bytes total/sec,isatap.{48fe05f3-786e-4756-b1b9-0c81877942d6},0,network interface(isatap.{48fe05f3-786e-4756-b1b9-0c81877942d6})-bytes total/sec
e2016site1,5/5/2018 9:31,processor(_total),% processor time,_total,32.31,processor(_total)-% processor time
e2016site2,5/5/2018 9:31,processor(_total),% processor time,_total,29.3,processor(_total)-% processor time
e2016site1,5/5/2018 9:31,msexchange rpcclientaccess,rpc averaged latency,,14,msexchange rpcclientaccess-rpc averaged latency
e2016site2,5/5/2018 9:31,msexchange rpcclientaccess,rpc averaged latency,,25,msexchange rpcclientaccess-rpc averaged latency
e2016site1,5/5/2018 9:31,msexchange rpcclientaccess,rpc requests,,0,msexchange rpcclientaccess-rpc requests
e2016site2,5/5/2018 9:31,msexchange rpcclientaccess,rpc requests,,0,msexchange rpcclientaccess-rpc requests
e2016site1,5/5/2018 9:31,memory,available mbytes,,904,memory-available mbytes
e2016site2,5/5/2018 9:31,memory,available mbytes,,822,memory-available mbytes
e2016site1,5/5/2018 9:31,physicaldisk(1),avg. disk sec/transfer,1,0,physicaldisk(1)-avg. disk sec/transfer
e2016site1,5/5/2018 9:31,physicaldisk(2),avg. disk sec/transfer,2,0,physicaldisk(2)-avg. disk sec/transfer
e2016site1,5/5/2018 9:31,physicaldisk(3),avg. disk sec/transfer,3,0,physicaldisk(3)-avg. disk sec/transfer
e2016site1,5/5/2018 9:31,physicaldisk(4),avg. disk sec/transfer,4,0,physicaldisk(4)-avg. disk sec/transfer
e2016site1,5/5/2018 9:31,physicaldisk(0 c:),avg. disk sec/transfer,0 c:,0,physicaldisk(0 c:)-avg. disk sec/transfer
e2016site1,5/5/2018 9:31,physicaldisk(_total),avg. disk sec/transfer,_total,0,physicaldisk(_total)-avg. disk sec/transfer
e2016site2,5/5/2018 9:31,physicaldisk(1),avg. disk sec/transfer,1,0,physicaldisk(1)-avg. disk sec/transfer
e2016site2,5/5/2018 9:31,physicaldisk(2),avg. disk sec/transfer,2,0,physicaldisk(2)-avg. disk sec/transfer
e2016site2,5/5/2018 9:31,physicaldisk(3),avg. disk sec/transfer,3,0,physicaldisk(3)-avg. disk sec/transfer
e2016site2,5/5/2018 9:31,physicaldisk(4),avg. disk sec/transfer,4,0,physicaldisk(4)-avg. disk sec/transfer
e2016site2,5/5/2018 9:31,physicaldisk(0 c:),avg. disk sec/transfer,0 c:,0,physicaldisk(0 c:)-avg. disk sec/transfer
e2016site2,5/5/2018 9:31,physicaldisk(_total),avg. disk sec/transfer,_total,0,physicaldisk(_total)-avg. disk sec/transfer
e2016site1,5/5/2018 9:31,network interface(microsoft hyper-v network adapter),bytes total/sec,microsoft hyper-v network adapter,892782.21,network interface(microsoft hyper-v network adapter)-bytes total/sec
e2016site1,5/5/2018 9:31,network interface(isatap.msftonlinerepro.com),bytes total/sec,isatap.msftonlinerepro.com,0,network interface(isatap.msftonlinerepro.com)-bytes total/sec
e2016site1,5/5/2018 9:31,network interface(isatap.{7b6ad9dd-9da5-459a-b158-9539c74b42be}),bytes total/sec,isatap.{7b6ad9dd-9da5-459a-b158-9539c74b42be},0,network interface(isatap.{7b6ad9dd-9da5-459a-b158-9539c74b42be})-bytes total/sec
e2016site2,5/5/2018 9:31,network interface(microsoft hyper-v network adapter),bytes total/sec,microsoft hyper-v network adapter,907477.22,network interface(microsoft hyper-v network adapter)-bytes total/sec
e2016site2,5/5/2018 9:31,network interface(isatap.msftonlinerepro.com),bytes total/sec,isatap.msftonlinerepro.com,0,network interface(isatap.msftonlinerepro.com)-bytes total/sec
e2016site2,5/5/2018 9:31,network interface(isatap.{48fe05f3-786e-4756-b1b9-0c81877942d6}),bytes total/sec,isatap.{48fe05f3-786e-4756-b1b9-0c81877942d6},0,network interface(isatap.{48fe05f3-786e-4756-b1b9-0c81877942d6})-bytes total/sec
e2016site1,5/5/2018 9:31,processor(_total),% processor time,_total,25.39,processor(_total)-% processor time
e2016site2,5/5/2018 9:31,processor(_total),% processor time,_total,23.83,processor(_total)-% processor time
e2016site1,5/5/2018 9:31,msexchange rpcclientaccess,rpc averaged latency,,14,msexchange rpcclientaccess-rpc averaged latency
e2016site2,5/5/2018 9:31,msexchange rpcclientaccess,rpc averaged latency,,25,msexchange rpcclientaccess-rpc averaged latency
e2016site1,5/5/2018 9:31,msexchange rpcclientaccess,rpc requests,,0,msexchange rpcclientaccess-rpc requests
e2016site2,5/5/2018 9:31,msexchange rpcclientaccess,rpc requests,,0,msexchange rpcclientaccess-rpc requests
e2016site1,5/5/2018 9:31,memory,available mbytes,,910,memory-available mbytes
e2016site2,5/5/2018 9:31,memory,available mbytes,,840,memory-available mbytes
e2016site1,5/5/2018 9:31,physicaldisk(1),avg. disk sec/transfer,1,0,physicaldisk(1)-avg. disk sec/transfer
e2016site1,5/5/2018 9:31,physicaldisk(2),avg. disk sec/transfer,2,0,physicaldisk(2)-avg. disk sec/transfer
e2016site1,5/5/2018 9:31,physicaldisk(3),avg. disk sec/transfer,3,0,physicaldisk(3)-avg. disk sec/transfer
e2016site1,5/5/2018 9:31,physicaldisk(4),avg. disk sec/transfer,4,0,physicaldisk(4)-avg. disk sec/transfer
e2016site1,5/5/2018 9:31,physicaldisk(0 c:),avg. disk sec/transfer,0 c:,0,physicaldisk(0 c:)-avg. disk sec/transfer
e2016site1,5/5/2018 9:31,physicaldisk(_total),avg. disk sec/transfer,_total,0,physicaldisk(_total)-avg. disk sec/transfer
e2016site2,5/5/2018 9:31,physicaldisk(1),avg. disk sec/transfer,1,0,physicaldisk(1)-avg. disk sec/transfer
e2016site2,5/5/2018 9:31,physicaldisk(2),avg. disk sec/transfer,2,0,physicaldisk(2)-avg. disk sec/transfer
e2016site2,5/5/2018 9:31,physicaldisk(3),avg. disk sec/transfer,3,0,physicaldisk(3)-avg. disk sec/transfer
e2016site2,5/5/2018 9:31,physicaldisk(4),avg. disk sec/transfer,4,0,physicaldisk(4)-avg. disk sec/transfer
e2016site2,5/5/2018 9:31,physicaldisk(0 c:),avg. disk sec/transfer,0 c:,0,physicaldisk(0 c:)-avg. disk sec/transfer
e2016site2,5/5/2018 9:31,physicaldisk(_total),avg. disk sec/transfer,_total,0,physicaldisk(_total)-avg. disk sec/transfer
e2016site1,5/5/2018 9:31,network interface(microsoft hyper-v network adapter),bytes total/sec,microsoft hyper-v network adapter,87859.42,network interface(microsoft hyper-v network adapter)-bytes total/sec
e2016site1,5/5/2018 9:31,network interface(isatap.msftonlinerepro.com),bytes total/sec,isatap.msftonlinerepro.com,0,network interface(isatap.msftonlinerepro.com)-bytes total/sec
e2016site1,5/5/2018 9:31,network interface(isatap.{7b6ad9dd-9da5-459a-b158-9539c74b42be}),bytes total/sec,isatap.{7b6ad9dd-9da5-459a-b158-9539c74b42be},0,network interface(isatap.{7b6ad9dd-9da5-459a-b158-9539c74b42be})-bytes total/sec
e2016site2,5/5/2018 9:31,network interface(microsoft hyper-v network adapter),bytes total/sec,microsoft hyper-v network adapter,99294.95,network interface(microsoft hyper-v network adapter)-bytes total/sec
e2016site2,5/5/2018 9:31,network interface(isatap.msftonlinerepro.com),bytes total/sec,isatap.msftonlinerepro.com,0,network interface(isatap.msftonlinerepro.com)-bytes total/sec
e2016site2,5/5/2018 9:31,network interface(isatap.{48fe05f3-786e-4756-b1b9-0c81877942d6}),bytes total/sec,isatap.{48fe05f3-786e-4756-b1b9-0c81877942d6},0,network interface(isatap.{48fe05f3-786e-4756-b1b9-0c81877942d6})-bytes total/sec
e2016site1,5/5/2018 9:31,processor(_total),% processor time,_total,3.52,processor(_total)-% processor time
e2016site2,5/5/2018 9:31,processor(_total),% processor time,_total,7.54,processor(_total)-% processor time
e2016site1,5/5/2018 9:31,msexchange rpcclientaccess,rpc averaged latency,,14,msexchange rpcclientaccess-rpc averaged latency
e2016site2,5/5/2018 9:31,msexchange rpcclientaccess,rpc averaged latency,,25,msexchange rpcclientaccess-rpc averaged latency
e2016site1,5/5/2018 9:31,msexchange rpcclientaccess,rpc requests,,0,msexchange rpcclientaccess-rpc requests
e2016site2,5/5/2018 9:31,msexchange rpcclientaccess,rpc requests,,0,msexchange rpcclientaccess-rpc requests
e2016site1,5/5/2018 9:31,memory,available mbytes,,916,memory-available mbytes
e2016site2,5/5/2018 9:31,memory,available mbytes,,839,memory-available mbytes
e2016site1,5/5/2018 9:31,physicaldisk(1),avg. disk sec/transfer,1,0,physicaldisk(1)-avg. disk sec/transfer
e2016site1,5/5/2018 9:31,physicaldisk(2),avg. disk sec/transfer,2,0,physicaldisk(2)-avg. disk sec/transfer
e2016site1,5/5/2018 9:31,physicaldisk(3),avg. disk sec/transfer,3,0,physicaldisk(3)-avg. disk sec/transfer
e2016site1,5/5/2018 9:31,physicaldisk(4),avg. disk sec/transfer,4,0,physicaldisk(4)-avg. disk sec/transfer
e2016site1,5/5/2018 9:31,physicaldisk(0 c:),avg. disk sec/transfer,0 c:,0,physicaldisk(0 c:)-avg. disk sec/transfer
e2016site1,5/5/2018 9:31,physicaldisk(_total),avg. disk sec/transfer,_total,0,physicaldisk(_total)-avg. disk sec/transfer
e2016site2,5/5/2018 9:31,physicaldisk(1),avg. disk sec/transfer,1,0,physicaldisk(1)-avg. disk sec/transfer
e2016site2,5/5/2018 9:31,physicaldisk(2),avg. disk sec/transfer,2,0,physicaldisk(2)-avg. disk sec/transfer
e2016site2,5/5/2018 9:31,physicaldisk(3),avg. disk sec/transfer,3,0,physicaldisk(3)-avg. disk sec/transfer
e2016site2,5/5/2018 9:31,physicaldisk(4),avg. disk sec/transfer,4,0,physicaldisk(4)-avg. disk sec/transfer
e2016site2,5/5/2018 9:31,physicaldisk(0 c:),avg. disk sec/transfer,0 c:,0,physicaldisk(0 c:)-avg. disk sec/transfer
e2016site2,5/5/2018 9:31,physicaldisk(_total),avg. disk sec/transfer,_total,0,physicaldisk(_total)-avg. disk sec/transfer
e2016site1,5/5/2018 9:31,network interface(microsoft hyper-v network adapter),bytes total/sec,microsoft hyper-v network adapter,36343.18,network interface(microsoft hyper-v network adapter)-bytes total/sec
e2016site1,5/5/2018 9:31,network interface(isatap.msftonlinerepro.com),bytes total/sec,isatap.msftonlinerepro.com,0,network interface(isatap.msftonlinerepro.com)-bytes total/sec
e2016site1,5/5/2018 9:31,network interface(isatap.{7b6ad9dd-9da5-459a-b158-9539c74b42be}),bytes total/sec,isatap.{7b6ad9dd-9da5-459a-b158-9539c74b42be},0,network interface(isatap.{7b6ad9dd-9da5-459a-b158-9539c74b42be})-bytes total/sec
e2016site2,5/5/2018 9:31,network interface(microsoft hyper-v network adapter),bytes total/sec,microsoft hyper-v network adapter,28482.02,network interface(microsoft hyper-v network adapter)-bytes total/sec
e2016site2,5/5/2018 9:31,network interface(isatap.msftonlinerepro.com),bytes total/sec,isatap.msftonlinerepro.com,0,network interface(isatap.msftonlinerepro.com)-bytes total/sec
e2016site2,5/5/2018 9:31,network interface(isatap.{48fe05f3-786e-4756-b1b9-0c81877942d6}),bytes total/sec,isatap.{48fe05f3-786e-4756-b1b9-0c81877942d6},0,network interface(isatap.{48fe05f3-786e-4756-b1b9-0c81877942d6})-bytes total/sec
e2016site1,5/5/2018 9:31,processor(_total),% processor time,_total,3.46,processor(_total)-% processor time
e2016site2,5/5/2018 9:31,processor(_total),% processor time,_total,0,processor(_total)-% processor time
e2016site1,5/5/2018 9:31,msexchange rpcclientaccess,rpc averaged latency,,14,msexchange rpcclientaccess-rpc averaged latency
e2016site2,5/5/2018 9:31,msexchange rpcclientaccess,rpc averaged latency,,25,msexchange rpcclientaccess-rpc averaged latency
e2016site1,5/5/2018 9:31,msexchange rpcclientaccess,rpc requests,,0,msexchange rpcclientaccess-rpc requests
e2016site2,5/5/2018 9:31,msexchange rpcclientaccess,rpc requests,,0,msexchange rpcclientaccess-rpc requests
e2016site1,5/5/2018 9:31,memory,available mbytes,,917,memory-available mbytes
e2016site2,5/5/2018 9:31,memory,available mbytes,,839,memory-available mbytes
e2016site1,5/5/2018 9:31,physicaldisk(1),avg. disk sec/transfer,1,0,physicaldisk(1)-avg. disk sec/transfer
e2016site1,5/5/2018 9:31,physicaldisk(2),avg. disk sec/transfer,2,0,physicaldisk(2)-avg. disk sec/transfer
e2016site1,5/5/2018 9:31,physicaldisk(3),avg. disk sec/transfer,3,0,physicaldisk(3)-avg. disk sec/transfer
e2016site1,5/5/2018 9:31,physicaldisk(4),avg. disk sec/transfer,4,0,physicaldisk(4)-avg. disk sec/transfer
e2016site1,5/5/2018 9:31,physicaldisk(0 c:),avg. disk sec/transfer,0 c:,0,physicaldisk(0 c:)-avg. disk sec/transfer
e2016site1,5/5/2018 9:31,physicaldisk(_total),avg. disk sec/transfer,_total,0,physicaldisk(_total)-avg. disk sec/transfer
e2016site2,5/5/2018 9:31,physicaldisk(1),avg. disk sec/transfer,1,0,physicaldisk(1)-avg. disk sec/transfer
e2016site2,5/5/2018 9:31,physicaldisk(2),avg. disk sec/transfer,2,0,physicaldisk(2)-avg. disk sec/transfer
e2016site2,5/5/2018 9:31,physicaldisk(3),avg. disk sec/transfer,3,0,physicaldisk(3)-avg. disk sec/transfer
e2016site2,5/5/2018 9:31,physicaldisk(4),avg. disk sec/transfer,4,0,physicaldisk(4)-avg. disk sec/transfer
e2016site2,5/5/2018 9:31,physicaldisk(0 c:),avg. disk sec/transfer,0 c:,0,physicaldisk(0 c:)-avg. disk sec/transfer
e2016site2,5/5/2018 9:31,physicaldisk(_total),avg. disk sec/transfer,_total,0,physicaldisk(_total)-avg. disk sec/transfer
e2016site1,5/5/2018 9:31,network interface(microsoft hyper-v network adapter),bytes total/sec,microsoft hyper-v network adapter,181999.12,network interface(microsoft hyper-v network adapter)-bytes total/sec
e2016site1,5/5/2018 9:31,network interface(isatap.msftonlinerepro.com),bytes total/sec,isatap.msftonlinerepro.com,0,network interface(isatap.msftonlinerepro.com)-bytes total/sec
e2016site1,5/5/2018 9:31,network interface(isatap.{7b6ad9dd-9da5-459a-b158-9539c74b42be}),bytes total/sec,isatap.{7b6ad9dd-9da5-459a-b158-9539c74b42be},0,network interface(isatap.{7b6ad9dd-9da5-459a-b158-9539c74b42be})-bytes total/sec
e2016site2,5/5/2018 9:31,network interface(microsoft hyper-v network adapter),bytes total/sec,microsoft hyper-v network adapter,56081.8,network interface(microsoft hyper-v network adapter)-bytes total/sec
e2016site2,5/5/2018 9:31,network interface(isatap.msftonlinerepro.com),bytes total/sec,isatap.msftonlinerepro.com,0,network interface(isatap.msftonlinerepro.com)-bytes total/sec
e2016site2,5/5/2018 9:31,network interface(isatap.{48fe05f3-786e-4756-b1b9-0c81877942d6}),bytes total/sec,isatap.{48fe05f3-786e-4756-b1b9-0c81877942d6},0,network interface(isatap.{48fe05f3-786e-4756-b1b9-0c81877942d6})-bytes total/sec
e2016site1,5/5/2018 9:31,processor(_total),% processor time,_total,0,processor(_total)-% processor time
e2016site2,5/5/2018 9:31,processor(_total),% processor time,_total,0.39,processor(_total)-% processor time
e2016site1,5/5/2018 9:31,msexchange rpcclientaccess,rpc averaged latency,,14,msexchange rpcclientaccess-rpc averaged latency
e2016site2,5/5/2018 9:31,msexchange rpcclientaccess,rpc averaged latency,,25,msexchange rpcclientaccess-rpc averaged latency
e2016site1,5/5/2018 9:31,msexchange rpcclientaccess,rpc requests,,0,msexchange rpcclientaccess-rpc requests
e2016site2,5/5/2018 9:31,msexchange rpcclientaccess,rpc requests,,0,msexchange rpcclientaccess-rpc requests
e2016site1,5/5/2018 9:31,memory,available mbytes,,917,memory-available mbytes
e2016site2,5/5/2018 9:31,memory,available mbytes,,839,memory-available mbytes
e2016site1,5/5/2018 9:31,physicaldisk(1),avg. disk sec/transfer,1,0,physicaldisk(1)-avg. disk sec/transfer
e2016site1,5/5/2018 9:31,physicaldisk(2),avg. disk sec/transfer,2,0,physicaldisk(2)-avg. disk sec/transfer
e2016site1,5/5/2018 9:31,physicaldisk(3),avg. disk sec/transfer,3,0,physicaldisk(3)-avg. disk sec/transfer
e2016site1,5/5/2018 9:31,physicaldisk(4),avg. disk sec/transfer,4,0,physicaldisk(4)-avg. disk sec/transfer
e2016site1,5/5/2018 9:31,physicaldisk(0 c:),avg. disk sec/transfer,0 c:,0,physicaldisk(0 c:)-avg. disk sec/transfer
e2016site1,5/5/2018 9:31,physicaldisk(_total),avg. disk sec/transfer,_total,0,physicaldisk(_total)-avg. disk sec/transfer
e2016site2,5/5/2018 9:31,physicaldisk(1),avg. disk sec/transfer,1,0,physicaldisk(1)-avg. disk sec/transfer
e2016site2,5/5/2018 9:31,physicaldisk(2),avg. disk sec/transfer,2,0,physicaldisk(2)-avg. disk sec/transfer
e2016site2,5/5/2018 9:31,physicaldisk(3),avg. disk sec/transfer,3,0,physicaldisk(3)-avg. disk sec/transfer
e2016site2,5/5/2018 9:31,physicaldisk(4),avg. disk sec/transfer,4,0,physicaldisk(4)-avg. disk sec/transfer
e2016site2,5/5/2018 9:31,physicaldisk(0 c:),avg. disk sec/transfer,0 c:,0,physicaldisk(0 c:)-avg. disk sec/transfer
e2016site2,5/5/2018 9:31,physicaldisk(_total),avg. disk sec/transfer,_total,0,physicaldisk(_total)-avg. disk sec/transfer
e2016site1,5/5/2018 9:31,network interface(microsoft hyper-v network adapter),bytes total/sec,microsoft hyper-v network adapter,35762.98,network interface(microsoft hyper-v network adapter)-bytes total/sec
e2016site1,5/5/2018 9:31,network interface(isatap.msftonlinerepro.com),bytes total/sec,isatap.msftonlinerepro.com,0,network interface(isatap.msftonlinerepro.com)-bytes total/sec
e2016site1,5/5/2018 9:31,network interface(isatap.{7b6ad9dd-9da5-459a-b158-9539c74b42be}),bytes total/sec,isatap.{7b6ad9dd-9da5-459a-b158-9539c74b42be},0,network interface(isatap.{7b6ad9dd-9da5-459a-b158-9539c74b42be})-bytes total/sec
e2016site2,5/5/2018 9:31,network interface(microsoft hyper-v network adapter),bytes total/sec,microsoft hyper-v network adapter,27886.14,network interface(microsoft hyper-v network adapter)-bytes total/sec
e2016site2,5/5/2018 9:31,network interface(isatap.msftonlinerepro.com),bytes total/sec,isatap.msftonlinerepro.com,0,network interface(isatap.msftonlinerepro.com)-bytes total/sec
e2016site2,5/5/2018 9:31,network interface(isatap.{48fe05f3-786e-4756-b1b9-0c81877942d6}),bytes total/sec,isatap.{48fe05f3-786e-4756-b1b9-0c81877942d6},0,network interface(isatap.{48fe05f3-786e-4756-b1b9-0c81877942d6})-bytes total/sec
e2016site1,5/5/2018 9:31,processor(_total),% processor time,_total,0,processor(_total)-% processor time
e2016site2,5/5/2018 9:31,processor(_total),% processor time,_total,0,processor(_total)-% processor time
e2016site1,5/5/2018 9:31,msexchange rpcclientaccess,rpc averaged latency,,14,msexchange rpcclientaccess-rpc averaged latency
e2016site2,5/5/2018 9:31,msexchange rpcclientaccess,rpc averaged latency,,25,msexchange rpcclientaccess-rpc averaged latency
e2016site1,5/5/2018 9:31,msexchange rpcclientaccess,rpc requests,,0,msexchange rpcclientaccess-rpc requests
e2016site2,5/5/2018 9:31,msexchange rpcclientaccess,rpc requests,,0,msexchange rpcclientaccess-rpc requests
e2016site1,5/5/2018 9:31,memory,available mbytes,,917,memory-available mbytes
e2016site2,5/5/2018 9:31,memory,available mbytes,,840,memory-available mbytes
e2016site1,5/5/2018 9:31,physicaldisk(1),avg. disk sec/transfer,1,0,physicaldisk(1)-avg. disk sec/transfer
e2016site1,5/5/2018 9:31,physicaldisk(2),avg. disk sec/transfer,2,0,physicaldisk(2)-avg. disk sec/transfer
e2016site1,5/5/2018 9:31,physicaldisk(3),avg. disk sec/transfer,3,0,physicaldisk(3)-avg. disk sec/transfer
e2016site1,5/5/2018 9:31,physicaldisk(4),avg. disk sec/transfer,4,0,physicaldisk(4)-avg. disk sec/transfer
e2016site1,5/5/2018 9:31,physicaldisk(0 c:),avg. disk sec/transfer,0 c:,0,physicaldisk(0 c:)-avg. disk sec/transfer
e2016site1,5/5/2018 9:31,physicaldisk(_total),avg. disk sec/transfer,_total,0,physicaldisk(_total)-avg. disk sec/transfer
e2016site2,5/5/2018 9:31,physicaldisk(1),avg. disk sec/transfer,1,0,physicaldisk(1)-avg. disk sec/transfer
e2016site2,5/5/2018 9:31,physicaldisk(2),avg. disk sec/transfer,2,0,physicaldisk(2)-avg. disk sec/transfer
e2016site2,5/5/2018 9:31,physicaldisk(3),avg. disk sec/transfer,3,0,physicaldisk(3)-avg. disk sec/transfer
e2016site2,5/5/2018 9:31,physicaldisk(4),avg. disk sec/transfer,4,0,physicaldisk(4)-avg. disk sec/transfer
e2016site2,5/5/2018 9:31,physicaldisk(0 c:),avg. disk sec/transfer,0 c:,0,physicaldisk(0 c:)-avg. disk sec/transfer
e2016site2,5/5/2018 9:31,physicaldisk(_total),avg. disk sec/transfer,_total,0,physicaldisk(_total)-avg. disk sec/transfer
e2016site1,5/5/2018 9:31,network interface(microsoft hyper-v network adapter),bytes total/sec,microsoft hyper-v network adapter,29956.45,network interface(microsoft hyper-v network adapter)-bytes total/sec
e2016site1,5/5/2018 9:31,network interface(isatap.msftonlinerepro.com),bytes total/sec,isatap.msftonlinerepro.com,0,network interface(isatap.msftonlinerepro.com)-bytes total/sec
e2016site1,5/5/2018 9:31,network interface(isatap.{7b6ad9dd-9da5-459a-b158-9539c74b42be}),bytes total/sec,isatap.{7b6ad9dd-9da5-459a-b158-9539c74b42be},0,network interface(isatap.{7b6ad9dd-9da5-459a-b158-9539c74b42be})-bytes total/sec
e2016site2,5/5/2018 9:31,network interface(microsoft hyper-v network adapter),bytes total/sec,microsoft hyper-v network adapter,35024.2,network interface(microsoft hyper-v network adapter)-bytes total/sec
e2016site2,5/5/2018 9:31,network interface(isatap.msftonlinerepro.com),bytes total/sec,isatap.msftonlinerepro.com,0,network interface(isatap.msftonlinerepro.com)-bytes total/sec
e2016site2,5/5/2018 9:31,network interface(isatap.{48fe05f3-786e-4756-b1b9-0c81877942d6}),bytes total/sec,isatap.{48fe05f3-786e-4756-b1b9-0c81877942d6},0,network interface(isatap.{48fe05f3-786e-4756-b1b9-0c81877942d6})-bytes total/sec
e2016site1,5/5/2018 9:31,processor(_total),% processor time,_total,3.03,processor(_total)-% processor time
e2016site2,5/5/2018 9:31,processor(_total),% processor time,_total,0.39,processor(_total)-% processor time
e2016site1,5/5/2018 9:31,msexchange rpcclientaccess,rpc averaged latency,,14,msexchange rpcclientaccess-rpc averaged latency
e2016site2,5/5/2018 9:31,msexchange rpcclientaccess,rpc averaged latency,,25,msexchange rpcclientaccess-rpc averaged latency
e2016site1,5/5/2018 9:31,msexchange rpcclientaccess,rpc requests,,0,msexchange rpcclientaccess-rpc requests
e2016site2,5/5/2018 9:31,msexchange rpcclientaccess,rpc requests,,0,msexchange rpcclientaccess-rpc requests
e2016site1,5/5/2018 9:31,memory,available mbytes,,917,memory-available mbytes
e2016site2,5/5/2018 9:31,memory,available mbytes,,840,memory-available mbytes
e2016site1,5/5/2018 9:31,physicaldisk(1),avg. disk sec/transfer,1,0,physicaldisk(1)-avg. disk sec/transfer
e2016site1,5/5/2018 9:31,physicaldisk(2),avg. disk sec/transfer,2,0,physicaldisk(2)-avg. disk sec/transfer
e2016site1,5/5/2018 9:31,physicaldisk(3),avg. disk sec/transfer,3,0,physicaldisk(3)-avg. disk sec/transfer
e2016site1,5/5/2018 9:31,physicaldisk(4),avg. disk sec/transfer,4,0,physicaldisk(4)-avg. disk sec/transfer
e2016site1,5/5/2018 9:31,physicaldisk(0 c:),avg. disk sec/transfer,0 c:,0,physicaldisk(0 c:)-avg. disk sec/transfer
e2016site1,5/5/2018 9:31,physicaldisk(_total),avg. disk sec/transfer,_total,0,physicaldisk(_total)-avg. disk sec/transfer
e2016site2,5/5/2018 9:31,physicaldisk(1),avg. disk sec/transfer,1,0,physicaldisk(1)-avg. disk sec/transfer
e2016site2,5/5/2018 9:31,physicaldisk(2),avg. disk sec/transfer,2,0,physicaldisk(2)-avg. disk sec/transfer
e2016site2,5/5/2018 9:31,physicaldisk(3),avg. disk sec/transfer,3,0,physicaldisk(3)-avg. disk sec/transfer
e2016site2,5/5/2018 9:31,physicaldisk(4),avg. disk sec/transfer,4,0,physicaldisk(4)-avg. disk sec/transfer
e2016site2,5/5/2018 9:31,physicaldisk(0 c:),avg. disk sec/transfer,0 c:,0,physicaldisk(0 c:)-avg. disk sec/transfer
e2016site2,5/5/2018 9:31,physicaldisk(_total),avg. disk sec/transfer,_total,0,physicaldisk(_total)-avg. disk sec/transfer
e2016site1,5/5/2018 9:31,network interface(microsoft hyper-v network adapter),bytes total/sec,microsoft hyper-v network adapter,74691.24,network interface(microsoft hyper-v network adapter)-bytes total/sec
e2016site1,5/5/2018 9:31,network interface(isatap.msftonlinerepro.com),bytes total/sec,isatap.msftonlinerepro.com,0,network interface(isatap.msftonlinerepro.com)-bytes total/sec
e2016site1,5/5/2018 9:31,network interface(isatap.{7b6ad9dd-9da5-459a-b158-9539c74b42be}),bytes total/sec,isatap.{7b6ad9dd-9da5-459a-b158-9539c74b42be},0,network interface(isatap.{7b6ad9dd-9da5-459a-b158-9539c74b42be})-bytes total/sec
e2016site2,5/5/2018 9:31,network interface(microsoft hyper-v network adapter),bytes total/sec,microsoft hyper-v network adapter,27858.16,network interface(microsoft hyper-v network adapter)-bytes total/sec
e2016site2,5/5/2018 9:31,network interface(isatap.msftonlinerepro.com),bytes total/sec,isatap.msftonlinerepro.com,0,network interface(isatap.msftonlinerepro.com)-bytes total/sec
e2016site2,5/5/2018 9:31,network interface(isatap.{48fe05f3-786e-4756-b1b9-0c81877942d6}),bytes total/sec,isatap.{48fe05f3-786e-4756-b1b9-0c81877942d6},0,network interface(isatap.{48fe05f3-786e-4756-b1b9-0c81877942d6})-bytes total/sec
e2016site1,5/5/2018 9:31,processor(_total),% processor time,_total,7.58,processor(_total)-% processor time
e2016site2,5/5/2018 9:31,processor(_total),% processor time,_total,0,processor(_total)-% processor time
e2016site1,5/5/2018 9:31,msexchange rpcclientaccess,rpc averaged latency,,14,msexchange rpcclientaccess-rpc averaged latency
e2016site2,5/5/2018 9:31,msexchange rpcclientaccess,rpc averaged latency,,25,msexchange rpcclientaccess-rpc averaged latency
e2016site1,5/5/2018 9:31,msexchange rpcclientaccess,rpc requests,,0,msexchange rpcclientaccess-rpc requests
e2016site2,5/5/2018 9:31,msexchange rpcclientaccess,rpc requests,,0,msexchange rpcclientaccess-rpc requests
e2016site1,5/5/2018 9:31,memory,available mbytes,,917,memory-available mbytes
e2016site2,5/5/2018 9:31,memory,available mbytes,,840,memory-available mbytes
e2016site1,5/5/2018 9:31,physicaldisk(1),avg. disk sec/transfer,1,0,physicaldisk(1)-avg. disk sec/transfer
e2016site1,5/5/2018 9:31,physicaldisk(2),avg. disk sec/transfer,2,0,physicaldisk(2)-avg. disk sec/transfer
e2016site1,5/5/2018 9:31,physicaldisk(3),avg. disk sec/transfer,3,0,physicaldisk(3)-avg. disk sec/transfer
e2016site1,5/5/2018 9:31,physicaldisk(4),avg. disk sec/transfer,4,0,physicaldisk(4)-avg. disk sec/transfer
e2016site1,5/5/2018 9:31,physicaldisk(0 c:),avg. disk sec/transfer,0 c:,0,physicaldisk(0 c:)-avg. disk sec/transfer
e2016site1,5/5/2018 9:31,physicaldisk(_total),avg. disk sec/transfer,_total,0,physicaldisk(_total)-avg. disk sec/transfer
e2016site2,5/5/2018 9:31,physicaldisk(1),avg. disk sec/transfer,1,0,physicaldisk(1)-avg. disk sec/transfer
e2016site2,5/5/2018 9:31,physicaldisk(2),avg. disk sec/transfer,2,0,physicaldisk(2)-avg. disk sec/transfer
e2016site2,5/5/2018 9:31,physicaldisk(3),avg. disk sec/transfer,3,0,physicaldisk(3)-avg. disk sec/transfer
e2016site2,5/5/2018 9:31,physicaldisk(4),avg. disk sec/transfer,4,0,physicaldisk(4)-avg. disk sec/transfer
e2016site2,5/5/2018 9:31,physicaldisk(0 c:),avg. disk sec/transfer,0 c:,0,physicaldisk(0 c:)-avg. disk sec/transfer
e2016site2,5/5/2018 9:31,physicaldisk(_total),avg. disk sec/transfer,_total,0,physicaldisk(_total)-avg. disk sec/transfer
e2016site1,5/5/2018 9:31,network interface(microsoft hyper-v network adapter),bytes total/sec,microsoft hyper-v network adapter,29829.29,network interface(microsoft hyper-v network adapter)-bytes total/sec
e2016site1,5/5/2018 9:31,network interface(isatap.msftonlinerepro.com),bytes total/sec,isatap.msftonlinerepro.com,0,network interface(isatap.msftonlinerepro.com)-bytes total/sec
e2016site1,5/5/2018 9:31,network interface(isatap.{7b6ad9dd-9da5-459a-b158-9539c74b42be}),bytes total/sec,isatap.{7b6ad9dd-9da5-459a-b158-9539c74b42be},0,network interface(isatap.{7b6ad9dd-9da5-459a-b158-9539c74b42be})-bytes total/sec
e2016site2,5/5/2018 9:31,network interface(microsoft hyper-v network adapter),bytes total/sec,microsoft hyper-v network adapter,35157.25,network interface(microsoft hyper-v network adapter)-bytes total/sec
e2016site2,5/5/2018 9:31,network interface(isatap.msftonlinerepro.com),bytes total/sec,isatap.msftonlinerepro.com,0,network interface(isatap.msftonlinerepro.com)-bytes total/sec
e2016site2,5/5/2018 9:31,network interface(isatap.{48fe05f3-786e-4756-b1b9-0c81877942d6}),bytes total/sec,isatap.{48fe05f3-786e-4756-b1b9-0c81877942d6},0,network interface(isatap.{48fe05f3-786e-4756-b1b9-0c81877942d6})-bytes total/sec
